msoa_code,msoa_name,nte_businesses_2017,pub_workplaces_2017,licensed_food_2017,clubs_2017,cim_nightlife_poi_count,cim_grassroots_music_count,cim_nightclub_count,cim_cultural_poi_count,cim_lgbt_venue_count,activity_index,support_index
E02000977,Westminster 018,,95.0,1270.0,100.0,34.0,2.0,23.0,54.0,5.0,0.8984375,0.6901098901098901
E02000972,Westminster 013,,130.0,1270.0,100.0,25.0,8.0,19.0,24.0,14.0,0.6979792024013722,0.9454545454545455
E02000001,City of London 001,,160.0,295.0,15.0,17.0,1.0,8.0,48.0,,0.672455688965123,0.18773258904837853
E02000193,Camden 028,,45.0,600.0,20.0,10.0,4.0,2.0,30.0,1.0,0.2866504073756432,0.2539799381904645
E02000575,Islington 022,,40.0,370.0,10.0,11.0,5.0,4.0,17.0,,0.2478201829616924,0.28642848379690483
E02000979,Westminster 020,,30.0,1270.0,100.0,1.0,,,28.0,,0.23231132075471697,0.6666666666666666
E02000808,Southwark 002,,40.0,295.0,15.0,7.0,1.0,6.0,14.0,,0.2260934819897084,0.11197501329080277
E02000191,Camden 026,,25.0,600.0,20.0,1.0,,,25.0,1.0,0.20302672955974843,0.14215024741340532
E02000358,Hackney 014,,5.0,285.0,15.0,11.0,4.0,5.0,,1.0,0.1720328282828283,0.19791728739097159
E02006801,Lambeth 036,,20.0,295.0,15.0,7.0,,,12.0,1.0,0.1714551172098342,0.11197501329080277
E02000186,Camden 021,,20.0,600.0,20.0,11.0,7.0,4.0,7.0,,0.16940037164093769,0.4321935374566953
E02000791,Richmond upon Thames 008,,25.0,195.0,15.0,,,,,,0.15625,0.09255510571300045
E02000970,Westminster 011,,35.0,1270.0,100.0,4.0,,1.0,16.0,,0.14816948970840482,0.6969696969696969
E02000978,Westminster 019,,15.0,1270.0,100.0,4.0,,,13.0,,0.13702472841623783,0.6969696969696969
E02000576,Islington 023,,25.0,370.0,10.0,5.0,,3.0,7.0,,0.12039468982275586,0.13082239398028872
E02000878,Tower Hamlets 015,,15.0,320.0,10.0,6.0,2.0,2.0,8.0,,0.10569879216695255,0.1312853812853813
E02000573,Islington 020,,30.0,370.0,10.0,6.0,1.0,2.0,3.0,,0.10555138650657518,0.10569255306097411
E02000620,Lambeth 003,,10.0,295.0,15.0,5.0,1.0,4.0,5.0,3.0,0.09888686392224127,0.10822802928066086
E02000367,Hackney 023,,10.0,285.0,15.0,7.0,3.0,2.0,,,0.0965909090909091,0.18137929322139848
E02000864,Tower Hamlets 001,,5.0,320.0,10.0,8.0,1.0,3.0,1.0,,0.08357007575757576,0.11072261072261072
E02000574,Islington 021,,20.0,370.0,10.0,3.0,2.0,,4.0,2.0,0.08073661139698875,0.11032826822300508
E02006802,Southwark 034,,5.0,295.0,15.0,,,,7.0,,0.07222877358490566,0.13304093567251463
E02000831,Southwark 025,,10.0,295.0,15.0,4.0,1.0,2.0,,1.0,0.06628787878787878,0.07139819245082404
E02000361,Hackney 017,,5.0,285.0,15.0,5.0,4.0,2.0,,1.0,0.06597222222222222,0.16155365102733524
E02000577,Kensington and Chelsea 001,,5.0,400.0,20.0,5.0,1.0,2.0,,,0.06597222222222222,0.13196744775692143
E02000362,Hackney 018,,5.0,285.0,15.0,5.0,2.0,2.0,,,0.06597222222222222,0.13051349235559762
E02000369,Hackney 025,,5.0,285.0,15.0,5.0,1.0,2.0,,,0.06597222222222222,0.0947992066413119
E02000192,Camden 027,,20.0,600.0,20.0,1.0,,1.0,8.0,,0.0642688679245283,0.18953366321787377
E02000595,Kensington and Chelsea 019,,10.0,400.0,20.0,,,,,,0.0625,0.20332883490778228
E02000483,Havering 020,,10.0,130.0,20.0,,,,,,0.0625,0.09401709401709402
E02000930,Wandsworth 008,,20.0,275.0,20.0,,,,1.0,,0.0625,0.15272154745838956
E02000083,Bexley 019,,10.0,110.0,20.0,,,,,,0.0625,0.08591992802519118
E02000042,Barnet 019,,10.0,270.0,10.0,,,,,,0.0625,0.0951417004048583
E02000284,Enfield 008,,10.0,150.0,15.0,,,,,,0.0625,0.07433648223121908
E02000280,Enfield 004,,10.0,150.0,15.0,,,,,,0.0625,0.07433648223121908
E02000087,Bexley 023,,10.0,110.0,20.0,,,,,,0.0625,0.08591992802519118
E02000785,Richmond upon Thames 002,,10.0,195.0,15.0,,,,,,0.0625,0.09255510571300045
E02000975,Westminster 016,,10.0,1270.0,100.0,,,,,,0.0625,1.0
E02000804,Richmond upon Thames 021,,10.0,195.0,15.0,,,,,,0.0625,0.09255510571300045
E02000834,Southwark 028,,10.0,295.0,15.0,,,,,,0.0625,0.13304093567251463
E02000608,Kingston upon Thames 011,,10.0,120.0,10.0,,,,,,0.0625,0.03441295546558704
E02000543,Hounslow 018,,10.0,150.0,20.0,,,,,,0.0625,0.10211426000899684
E02000476,Havering 013,,10.0,130.0,20.0,,,,,,0.0625,0.09401709401709402
E02000124,Brent 032,,10.0,190.0,15.0,,,,,,0.0625,0.09053081421502474
E02000764,Redbridge 014,,10.0,130.0,10.0,,,,,,0.0625,0.038461538461538464
E02000634,Lambeth 017,,10.0,295.0,15.0,,,,,,0.0625,0.13304093567251463
E02000090,Bexley 026,,10.0,110.0,20.0,,,,,,0.0625,0.08591992802519118
E02000832,Southwark 026,,10.0,295.0,15.0,,,,,1.0,0.0625,0.08869395711500976
E02000184,Camden 019,,10.0,600.0,20.0,5.0,3.0,1.0,,,0.061237373737373736,0.24388184914500705
E02000177,Camden 012,,5.0,600.0,20.0,4.0,3.0,,,,0.061079545454545456,0.23630609156924948
E02000980,Westminster 021,,10.0,1270.0,100.0,,,,4.0,,0.05955188679245283,1.0
E02000974,Westminster 015,,15.0,1270.0,100.0,,,,2.0,,0.05630896226415094,1.0
E02000183,Camden 018,,10.0,600.0,20.0,6.0,4.0,1.0,1.0,,0.05350378787878788,0.2871718924350503
E02000588,Kensington and Chelsea 012,,5.0,400.0,20.0,,,,5.0,,0.05336084905660377,0.20332883490778228
E02000621,Lambeth 004,,5.0,295.0,15.0,4.0,,3.0,1.0,2.0,0.053267045454545456,0.10847850979429928
E02000884,Tower Hamlets 021,,10.0,320.0,10.0,3.0,1.0,2.0,3.0,,0.05157411377930246,0.07284382284382285
E02000569,Islington 016,,10.0,370.0,10.0,4.0,4.0,1.0,,,0.05113636363636364,0.1976838950523161
E02006798,Lewisham 039,,5.0,130.0,15.0,6.0,2.0,1.0,2.0,1.0,0.05040826901086335,0.08537018537018537
E02000981,Westminster 022,,10.0,1270.0,100.0,,,,3.0,,0.05011792452830188,1.0
E02006854,Tower Hamlets 033,,10.0,320.0,10.0,2.0,,,4.0,,0.04980226796264533,0.08702408702408704
E02000865,Tower Hamlets 002,,5.0,320.0,10.0,5.0,3.0,2.0,1.0,1.0,0.04947916666666667,0.12753912753912755
E02000384,Hammersmith and Fulham 013,,15.0,270.0,15.0,2.0,,,2.0,,0.04764031827711073,0.09204732888943416
E02000797,Richmond upon Thames 014,,15.0,195.0,15.0,1.0,1.0,,,,0.046875,0.046277552856500224
E02000570,Islington 017,,10.0,370.0,10.0,2.0,,,,,0.04640151515151515,0.1005193636772584
E02000630,Lambeth 013,,10.0,295.0,15.0,2.0,1.0,,,,0.04640151515151515,0.07409622541201488
E02000391,Hammersmith and Fulham 020,,10.0,270.0,15.0,2.0,,2.0,,,0.046085858585858584,0.09204732888943416
E02000918,Waltham Forest 024,,5.0,135.0,15.0,3.0,2.0,,,,0.045928030303030304,0.08499760473444684
E02000649,Lambeth 032,,5.0,295.0,15.0,3.0,2.0,,,,0.045928030303030304,0.11738626870205818
E02000973,Westminster 014,,5.0,1270.0,100.0,3.0,,2.0,,,0.045770202020202023,0.6868686868686869
E02000360,Hackney 016,,5.0,285.0,15.0,3.0,,2.0,,2.0,0.045770202020202023,0.09887846072056598
E02000187,Camden 022,,15.0,600.0,20.0,2.0,1.0,1.0,4.0,,0.045164200971983995,0.1497260049891629
E02000967,Westminster 008,,5.0,1270.0,100.0,,,,4.0,,0.04392688679245283,1.0
E02000932,Wandsworth 010,,20.0,275.0,20.0,2.0,,1.0,2.0,,0.04354273870783305,0.1119153750732698
E02006931,Greenwich 038,,15.0,145.0,15.0,3.0,1.0,1.0,2.0,2.0,0.04330599628359062,0.05643070379912485
E02000628,Lambeth 011,,5.0,295.0,15.0,5.0,1.0,1.0,2.0,,0.042832511435105775,0.09682349813928762
E02000606,Kingston upon Thames 009,,20.0,120.0,10.0,1.0,,1.0,,,0.041666666666666664,0.02294197031039136
E02000353,Hackney 009,,10.0,285.0,15.0,3.0,1.0,1.0,,,0.041035353535353536,0.07964769148979675
E02000168,Camden 003,,10.0,600.0,20.0,3.0,1.0,1.0,,,0.041035353535353536,0.15730176256492046
E02000635,Lambeth 018,,5.0,295.0,15.0,4.0,1.0,1.0,,,0.04071969696969697,0.08924774056353005
E02000633,Lambeth 016,,5.0,295.0,15.0,4.0,3.0,,1.0,,0.04071969696969697,0.16067631199210147
E02000370,Hackney 026,,10.0,285.0,15.0,,,,2.0,1.0,0.04068396226415094,0.08599490178437547
E02000531,Hounslow 006,,10.0,150.0,20.0,,,,2.0,,0.04068396226415094,0.10211426000899684
E02000812,Southwark 006,,10.0,295.0,15.0,2.0,,2.0,2.0,,0.03928137507146941,0.09879496721601984
E02000971,Westminster 012,,20.0,1270.0,100.0,1.0,,1.0,2.0,1.0,0.03596698113207547,0.5
E02000697,Merton 009,,5.0,120.0,10.0,2.0,,2.0,,,0.03566919191919192,0.03304298041140146
E02000566,Islington 013,,10.0,370.0,10.0,2.0,2.0,2.0,1.0,,0.034564393939393936,0.11110380847222952
E02000596,Kensington and Chelsea 020,,10.0,400.0,20.0,2.0,,2.0,1.0,,0.034564393939393936,0.1456535667061983
E02000508,Hillingdon 015,,5.0,165.0,20.0,,,,3.0,,0.03449292452830188,0.10818713450292397
E02000587,Kensington and Chelsea 011,,5.0,400.0,20.0,,,,3.0,,0.03449292452830188,0.20332883490778228
E02000382,Hammersmith and Fulham 011,,5.0,270.0,15.0,,,,3.0,,0.03449292452830188,0.12291947818263607
E02006918,Hackney 028,,5.0,285.0,15.0,,,,,,0.03125,0.1289923526765632
E02000359,Hackney 015,,5.0,285.0,15.0,,,,,,0.03125,0.1289923526765632
E02006882,Harrow 033,,5.0,150.0,10.0,,,,,,0.03125,0.0465587044534413
E02000256,Ealing 019,,5.0,190.0,20.0,,,,,,0.03125,0.11830859199280251
E02000296,Enfield 020,,5.0,150.0,15.0,,,,,,0.03125,0.07433648223121908
E02006930,Greenwich 037,,5.0,145.0,15.0,,,,,,0.03125,0.07231219073324335
E02000343,Greenwich 031,,5.0,145.0,15.0,,,,,,0.03125,0.07231219073324335
E02000331,Greenwich 019,,5.0,145.0,15.0,,,,,,0.03125,0.07231219073324335
E02000953,Wandsworth 031,,5.0,275.0,20.0,,,,,,0.03125,0.15272154745838956
E02000976,Westminster 017,,10.0,1270.0,100.0,,,,1.0,,0.03125,1.0
E02006836,Sutton 025,,5.0,95.0,10.0,,,,,,0.03125,0.024291497975708502
E02000293,Enfield 017,,5.0,150.0,15.0,,,,,,0.03125,0.07433648223121908
E02000312,Enfield 036,,5.0,150.0,15.0,,,,,,0.03125,0.07433648223121908
E02000354,Hackney 010,,5.0,285.0,15.0,,,,,1.0,0.03125,0.08599490178437547
E02000134,Bromley 008,,10.0,200.0,20.0,1.0,,,,,0.03125,0.08157144999250263
E02000751,Redbridge 001,,5.0,130.0,10.0,,,,,,0.03125,0.038461538461538464
E02000756,Redbridge 006,,5.0,130.0,10.0,,,,,,0.03125,0.038461538461538464
E02000133,Bromley 007,,5.0,200.0,20.0,,,,,,0.03125,0.12235717498875394
E02000795,Richmond upon Thames 012,,5.0,195.0,15.0,,,,,,0.03125,0.09255510571300045
E02000793,Richmond upon Thames 010,,5.0,195.0,15.0,,,,,,0.03125,0.09255510571300045
E02000770,Redbridge 020,,5.0,130.0,10.0,,,,,,0.03125,0.038461538461538464
E02000132,Bromley 006,,5.0,200.0,20.0,,,,,,0.03125,0.12235717498875394
E02000788,Richmond upon Thames 005,,5.0,195.0,15.0,,,,,,0.03125,0.09255510571300045
E02000651,Lambeth 034,,5.0,295.0,15.0,,,,,,0.03125,0.13304093567251463
E02000647,Lambeth 030,,5.0,295.0,15.0,,,,,,0.03125,0.13304093567251463
E02000646,Lambeth 029,,5.0,295.0,15.0,,,,,,0.03125,0.13304093567251463
E02000675,Lewisham 023,,5.0,130.0,15.0,,,,,,0.03125,0.06623931623931624
E02000671,Lewisham 019,,5.0,130.0,15.0,,,,,,0.03125,0.06623931623931624
E02000790,Richmond upon Thames 007,,5.0,195.0,15.0,,,,,,0.03125,0.09255510571300045
E02000356,Hackney 012,,5.0,285.0,15.0,,,,,,0.03125,0.1289923526765632
E02000855,Sutton 016,,5.0,95.0,10.0,,,,,,0.03125,0.024291497975708502
E02000112,Brent 020,,5.0,190.0,15.0,,,,,,0.03125,0.09053081421502474
E02000815,Southwark 009,,5.0,295.0,15.0,,,,,1.0,0.03125,0.08869395711500976
E02000786,Richmond upon Thames 003,,10.0,195.0,15.0,1.0,,,,,0.03125,0.061703403808666964
E02000813,Southwark 007,,10.0,295.0,15.0,,,,1.0,,0.03125,0.13304093567251463
E02000806,Richmond upon Thames 023,,5.0,195.0,15.0,,,,,,0.03125,0.09255510571300045
E02000805,Richmond upon Thames 022,,5.0,195.0,15.0,,,,,,0.03125,0.09255510571300045
E02000071,Bexley 007,,5.0,110.0,20.0,,,,,,0.03125,0.08591992802519118
E02000070,Bexley 006,,5.0,110.0,20.0,,,,,,0.03125,0.08591992802519118
E02000097,Brent 005,,5.0,190.0,15.0,,,,,,0.03125,0.09053081421502474
E02000094,Brent 002,,5.0,190.0,15.0,,,,,,0.03125,0.09053081421502474
E02000093,Brent 001,,5.0,190.0,15.0,,,,,,0.03125,0.09053081421502474
E02000759,Redbridge 009,,5.0,130.0,10.0,,,,,,0.03125,0.038461538461538464
E02000838,Southwark 032,,5.0,295.0,15.0,,,,,,0.03125,0.13304093567251463
E02000867,Tower Hamlets 004,,5.0,320.0,10.0,,,,,,0.03125,0.11538461538461539
E02000345,Hackney 001,,5.0,285.0,15.0,,,,,,0.03125,0.1289923526765632
E02000636,Lambeth 019,,5.0,295.0,15.0,,,,,,0.03125,0.13304093567251463
E02000642,Lambeth 025,,5.0,295.0,15.0,,,,,,0.03125,0.13304093567251463
E02000159,Bromley 033,,5.0,200.0,20.0,,,,,,0.03125,0.12235717498875394
E02000162,Bromley 036,,5.0,200.0,20.0,,,,,,0.03125,0.12235717498875394
E02000163,Bromley 037,,5.0,200.0,20.0,,,,,,0.03125,0.12235717498875394
E02000170,Camden 005,,5.0,600.0,20.0,,,,,,0.03125,0.28430049482681063
E02000615,Kingston upon Thames 018,,5.0,120.0,10.0,,,,,,0.03125,0.03441295546558704
E02000731,Newham 018,,5.0,125.0,10.0,,,,,,0.03125,0.03643724696356275
E02000679,Lewisham 027,,5.0,130.0,15.0,,,,,,0.03125,0.06623931623931624
E02000736,Newham 023,,5.0,125.0,10.0,,,,,,0.03125,0.03643724696356275
E02000743,Newham 030,,5.0,125.0,10.0,,,,,,0.03125,0.03643724696356275
E02000744,Newham 031,,5.0,125.0,10.0,,,,,,0.03125,0.03643724696356275
E02000693,Merton 005,,5.0,120.0,10.0,,,,,,0.03125,0.03441295546558704
E02000681,Lewisham 029,,5.0,130.0,15.0,,,,,,0.03125,0.06623931623931624
E02000148,Bromley 022,,5.0,200.0,20.0,,,,,,0.03125,0.12235717498875394
E02000694,Merton 006,,5.0,120.0,10.0,,,,,,0.03125,0.03441295546558704
E02000798,Richmond upon Thames 015,,5.0,195.0,15.0,,,,,,0.03125,0.09255510571300045
E02000654,Lewisham 002,,5.0,130.0,15.0,,,,,1.0,0.03125,0.04415954415954416
E02000847,Sutton 008,,5.0,95.0,10.0,,,,,,0.03125,0.024291497975708502
E02000845,Sutton 006,,5.0,95.0,10.0,,,,,,0.03125,0.024291497975708502
E02000580,Kensington and Chelsea 004,,5.0,400.0,20.0,,,,,,0.03125,0.20332883490778228
E02000179,Camden 014,,5.0,600.0,20.0,,,,,,0.03125,0.28430049482681063
E02000174,Camden 009,,5.0,600.0,20.0,,,,,,0.03125,0.28430049482681063
E02000178,Camden 013,,5.0,600.0,20.0,,,,,,0.03125,0.28430049482681063
E02000600,Kingston upon Thames 003,,5.0,120.0,10.0,,,,,,0.03125,0.03441295546558704
E02000631,Lambeth 014,,5.0,295.0,15.0,,,,,,0.03125,0.13304093567251463
E02000829,Southwark 023,,5.0,295.0,15.0,,,,,,0.03125,0.13304093567251463
E02000801,Richmond upon Thames 018,,5.0,195.0,15.0,,,,,,0.03125,0.09255510571300045
E02000906,Waltham Forest 012,,5.0,135.0,15.0,,,,,,0.03125,0.06826360773729195
E02000802,Richmond upon Thames 019,,5.0,195.0,15.0,,,,,,0.03125,0.09255510571300045
E02000827,Southwark 021,,15.0,295.0,15.0,1.0,,1.0,,,0.03125,0.08869395711500976
E02000849,Sutton 010,,5.0,95.0,10.0,,,,,,0.03125,0.024291497975708502
E02000194,Croydon 001,,5.0,205.0,25.0,,,,,,0.03125,0.15215924426450742
E02000201,Croydon 008,,5.0,205.0,25.0,,,,,,0.03125,0.15215924426450742
E02000156,Bromley 030,,5.0,200.0,20.0,,,,,,0.03125,0.12235717498875394
E02000583,Kensington and Chelsea 007,,5.0,400.0,20.0,,,,,,0.03125,0.20332883490778228
E02000155,Bromley 029,,5.0,200.0,20.0,,,,,,0.03125,0.12235717498875394
E02000154,Bromley 028,,5.0,200.0,20.0,,,,,,0.03125,0.12235717498875394
E02000222,Croydon 029,,5.0,205.0,25.0,,,,,,0.03125,0.15215924426450742
E02000582,Kensington and Chelsea 006,,5.0,400.0,20.0,,,,,,0.03125,0.20332883490778228
E02000219,Croydon 026,,5.0,205.0,25.0,,,,,,0.03125,0.15215924426450742
E02000213,Croydon 020,,5.0,205.0,25.0,,,,,,0.03125,0.15215924426450742
E02000533,Hounslow 008,,5.0,150.0,20.0,,,,,,0.03125,0.10211426000899684
E02000532,Hounslow 007,,5.0,150.0,20.0,,,,,,0.03125,0.10211426000899684
E02000559,Islington 006,,10.0,370.0,10.0,1.0,,,,,0.03125,0.09041835357624832
E02000556,Islington 003,,5.0,370.0,10.0,,,,,,0.03125,0.13562753036437247
E02000547,Hounslow 022,,5.0,150.0,20.0,,,,,,0.03125,0.10211426000899684
E02000966,Westminster 007,,5.0,1270.0,100.0,,,,,,0.03125,1.0
E02000954,Wandsworth 032,,5.0,275.0,20.0,,,,,,0.03125,0.15272154745838956
E02000052,Barnet 029,,5.0,270.0,10.0,,,,,,0.03125,0.0951417004048583
E02000046,Barnet 023,,5.0,270.0,10.0,,,,,,0.03125,0.0951417004048583
E02000854,Sutton 015,,5.0,95.0,10.0,,,,,,0.03125,0.024291497975708502
E02000084,Bexley 020,,5.0,110.0,20.0,,,,,,0.03125,0.08591992802519118
E02000082,Bexley 018,,5.0,110.0,20.0,,,,,,0.03125,0.08591992802519118
E02000081,Bexley 017,,5.0,110.0,20.0,,,,,,0.03125,0.08591992802519118
E02000080,Bexley 016,,5.0,110.0,20.0,,,,,,0.03125,0.08591992802519118
E02000079,Bexley 015,,10.0,110.0,20.0,,,,1.0,,0.03125,0.08591992802519118
E02000601,Kingston upon Thames 004,,5.0,120.0,10.0,,,,,,0.03125,0.03441295546558704
E02000609,Kingston upon Thames 012,,5.0,120.0,10.0,,,,,,0.03125,0.03441295546558704
E02000627,Lambeth 010,,5.0,295.0,15.0,,,,,,0.03125,0.13304093567251463
E02000567,Islington 014,,5.0,370.0,10.0,,,,,,0.03125,0.13562753036437247
E02000625,Lambeth 008,,5.0,295.0,15.0,,,,,,0.03125,0.13304093567251463
E02000914,Waltham Forest 020,,5.0,135.0,15.0,,,,,,0.03125,0.06826360773729195
E02000895,Waltham Forest 001,,5.0,135.0,15.0,,,,,,0.03125,0.06826360773729195
E02000234,Croydon 041,,5.0,205.0,25.0,,,,,,0.03125,0.15215924426450742
E02000238,Ealing 001,,5.0,190.0,20.0,,,,,,0.03125,0.11830859199280251
E02000500,Hillingdon 007,,5.0,165.0,20.0,,,,,,0.03125,0.10818713450292397
E02000502,Hillingdon 009,,5.0,165.0,20.0,,,,,,0.03125,0.10818713450292397
E02000896,Waltham Forest 002,,5.0,135.0,15.0,,,,,,0.03125,0.06826360773729195
E02000880,Tower Hamlets 017,,5.0,320.0,10.0,,,,,,0.03125,0.11538461538461539
E02000852,Sutton 013,,5.0,95.0,10.0,,,,,,0.03125,0.024291497975708502
E02000230,Croydon 037,,5.0,205.0,25.0,,,,,,0.03125,0.15215924426450742
E02000540,Hounslow 015,,5.0,150.0,20.0,,,,,,0.03125,0.10211426000899684
E02000539,Hounslow 014,,5.0,150.0,20.0,,,,,,0.03125,0.10211426000899684
E02000525,Hillingdon 032,,5.0,165.0,20.0,,,,,,0.03125,0.10818713450292397
E02000496,Hillingdon 003,,5.0,165.0,20.0,,,,,,0.03125,0.10818713450292397
E02000523,Hillingdon 030,,5.0,165.0,20.0,,,,,,0.03125,0.10818713450292397
E02000515,Hillingdon 022,,5.0,165.0,20.0,,,,,,0.03125,0.10818713450292397
E02000514,Hillingdon 021,,5.0,165.0,20.0,,,,,,0.03125,0.10818713450292397
E02000524,Hillingdon 031,,10.0,165.0,20.0,,,,1.0,,0.03125,0.10818713450292397
E02000479,Havering 016,,5.0,130.0,20.0,,,,,,0.03125,0.09401709401709402
E02000475,Havering 012,,5.0,130.0,20.0,,,,,,0.03125,0.09401709401709402
E02000487,Havering 024,,5.0,130.0,20.0,,,,,,0.03125,0.09401709401709402
E02000493,Havering 030,,5.0,130.0,20.0,,,,,,0.03125,0.09401709401709402
E02000485,Havering 022,,5.0,130.0,20.0,,,,,,0.03125,0.09401709401709402
E02000511,Hillingdon 018,,5.0,165.0,20.0,,,,,,0.03125,0.10818713450292397
E02000509,Hillingdon 016,,10.0,165.0,20.0,,,,1.0,,0.03125,0.10818713450292397
E02000504,Hillingdon 011,,5.0,165.0,20.0,,,,,,0.03125,0.10818713450292397
E02000366,Hackney 022,,5.0,285.0,15.0,,,,,,0.03125,0.1289923526765632
E02000239,Ealing 002,,5.0,190.0,20.0,,,,,,0.03125,0.11830859199280251
E02000437,Harrow 005,,5.0,150.0,10.0,,,,,,0.03125,0.0465587044534413
E02000430,Haringey 034,,5.0,175.0,10.0,,,,,,0.03125,0.05668016194331984
E02000455,Harrow 023,,5.0,150.0,10.0,,,,,,0.03125,0.0465587044534413
E02000249,Ealing 012,,5.0,190.0,20.0,,,,,,0.03125,0.11830859199280251
E02000448,Harrow 016,,5.0,150.0,10.0,,,,,,0.03125,0.0465587044534413
E02000545,Hounslow 020,,5.0,150.0,20.0,,,,,,0.03125,0.10211426000899684
E02000395,Hammersmith and Fulham 024,,5.0,270.0,15.0,,,,,,0.03125,0.12291947818263607
E02000260,Ealing 023,,5.0,190.0,20.0,,,,,,0.03125,0.11830859199280251
E02000262,Ealing 025,,10.0,190.0,20.0,1.0,,,,,0.03125,0.07887239466186834
E02000264,Ealing 027,,5.0,190.0,20.0,,,,,,0.03125,0.11830859199280251
E02000267,Ealing 030,,5.0,190.0,20.0,,,,,,0.03125,0.11830859199280251
E02000269,Ealing 032,,5.0,190.0,20.0,,,,,,0.03125,0.11830859199280251
E02000376,Hammersmith and Fulham 005,,5.0,270.0,15.0,,,,,,0.03125,0.12291947818263607
E02000377,Hammersmith and Fulham 006,,5.0,270.0,15.0,,,,,,0.03125,0.12291947818263607
E02000059,Barnet 036,,5.0,270.0,10.0,,,,,,0.03125,0.0951417004048583
E02000949,Wandsworth 027,,5.0,275.0,20.0,,,,,,0.03125,0.15272154745838956
E02000947,Wandsworth 025,,5.0,275.0,20.0,,,,,,0.03125,0.15272154745838956
E02000945,Wandsworth 023,,5.0,275.0,20.0,,,,,,0.03125,0.15272154745838956
E02000943,Wandsworth 021,,5.0,275.0,20.0,,,,,,0.03125,0.15272154745838956
E02000068,Bexley 004,,5.0,110.0,20.0,,,,,,0.03125,0.08591992802519118
E02000067,Bexley 003,,5.0,110.0,20.0,,,,,,0.03125,0.08591992802519118
E02000390,Hammersmith and Fulham 019,,5.0,270.0,15.0,,,,,,0.03125,0.12291947818263607
E02000388,Hammersmith and Fulham 017,,10.0,270.0,15.0,1.0,,,,,0.03125,0.08194631878842405
E02000937,Wandsworth 015,,5.0,275.0,20.0,,,,,,0.03125,0.15272154745838956
E02000940,Wandsworth 018,,5.0,275.0,20.0,,,,,,0.03125,0.15272154745838956
E02000403,Haringey 007,,5.0,175.0,10.0,,,,,,0.03125,0.05668016194331984
E02006791,Ealing 040,,5.0,190.0,20.0,,,,,,0.03125,0.11830859199280251
E02006789,Bromley 042,,5.0,200.0,20.0,,,,,,0.03125,0.12235717498875394
E02000397,Haringey 001,,5.0,175.0,10.0,,,,,,0.03125,0.05668016194331984
E02000968,Westminster 009,,5.0,1270.0,100.0,,,,,,0.03125,1.0
E02000275,Ealing 038,,5.0,190.0,20.0,,,,,,0.03125,0.11830859199280251
E02000276,Ealing 039,,5.0,190.0,20.0,,,,,,0.03125,0.11830859199280251
E02000298,Enfield 022,,5.0,150.0,15.0,,,,,,0.03125,0.07433648223121908
E02000305,Enfield 029,,5.0,150.0,15.0,,,,,,0.03125,0.07433648223121908
E02000297,Enfield 021,,5.0,150.0,15.0,,,,,,0.03125,0.07433648223121908
E02000030,Barnet 007,,5.0,270.0,10.0,,,,,,0.03125,0.0951417004048583
E02000029,Barnet 006,,5.0,270.0,10.0,,,,,,0.03125,0.0951417004048583
E02000025,Barnet 002,,5.0,270.0,10.0,,,,,,0.03125,0.0951417004048583
E02000851,Sutton 012,,15.0,95.0,10.0,2.0,1.0,1.0,1.0,,0.031013257575757576,0.019721506563611827
E02000868,Tower Hamlets 005,,10.0,320.0,10.0,2.0,2.0,1.0,,,0.030934343434343436,0.10098235098235099
E02000657,Lewisham 005,,10.0,130.0,15.0,3.0,1.0,1.0,1.0,,0.030776515151515152,0.04827117327117327
E02000120,Brent 028,,5.0,190.0,15.0,2.0,2.0,,,,0.030776515151515152,0.08855545039755566
E02000890,Tower Hamlets 027,,5.0,320.0,10.0,1.0,,,4.0,,0.029284591194968554,0.07692307692307693
E02000383,Hammersmith and Fulham 012,,5.0,270.0,15.0,1.0,1.0,,4.0,,0.029284591194968554,0.061459739091318036
E02000167,Camden 002,,10.0,600.0,20.0,1.0,1.0,,2.0,1.0,0.02712264150943396,0.11372019793072426
E02000619,Lambeth 002,,5.0,295.0,15.0,2.0,,,2.0,,0.026806984943777395,0.09879496721601984
E02000747,Newham 034,,5.0,125.0,10.0,2.0,,2.0,1.0,,0.02675189393939394,0.0343925080767186
E02000309,Enfield 033,,0.0,150.0,15.0,2.0,,2.0,,,0.025252525252525252,0.05965866492182282
E02000725,Newham 012,,10.0,125.0,10.0,1.0,,1.0,3.0,,0.02505896226415094,0.0242914979757085
E02000166,Camden 001,,5.0,600.0,20.0,,,,2.0,,0.02505896226415094,0.28430049482681063
E02000873,Tower Hamlets 010,,5.0,320.0,10.0,,,,2.0,,0.02505896226415094,0.11538461538461539
E02000173,Camden 008,,5.0,600.0,20.0,,,,2.0,,0.02505896226415094,0.28430049482681063
E02006792,Hounslow 029,,15.0,150.0,20.0,1.0,,1.0,1.0,,0.0234375,0.06807617333933123
E02000982,Westminster 023,,10.0,1270.0,100.0,2.0,,1.0,1.0,,0.023200757575757576,0.6767676767676768
E02000934,Wandsworth 012,,10.0,275.0,20.0,2.0,,1.0,1.0,,0.023200757575757576,0.1119153750732698
E02000594,Kensington and Chelsea 018,,5.0,400.0,20.0,1.0,1.0,,3.0,,0.022995283018867923,0.10166441745389114
E02000629,Lambeth 012,,10.0,295.0,15.0,1.0,,,1.0,3.0,0.020833333333333332,0.10498200629779578
E02000597,Kensington and Chelsea 021,,10.0,400.0,20.0,1.0,1.0,,1.0,,0.020833333333333332,0.10166441745389114
E02000590,Kensington and Chelsea 014,,10.0,400.0,20.0,1.0,,1.0,,,0.020833333333333332,0.1355525566051882
E02000572,Islington 019,,5.0,370.0,10.0,2.0,,,1.0,,0.020517676767676768,0.1005193636772584
E02000886,Tower Hamlets 023,,5.0,320.0,10.0,2.0,1.0,1.0,,,0.020517676767676768,0.06526806526806528
E02000593,Kensington and Chelsea 017,,5.0,400.0,20.0,2.0,1.0,1.0,,,0.020517676767676768,0.10924017502964872
E02000602,Kingston upon Thames 005,,5.0,120.0,10.0,2.0,1.0,1.0,,,0.020517676767676768,0.024782235308551098
E02000828,Southwark 022,,5.0,295.0,15.0,2.0,1.0,1.0,,,0.020517676767676768,0.07409622541201488
E02000869,Tower Hamlets 006,,5.0,320.0,10.0,2.0,1.0,1.0,,,0.020517676767676768,0.06526806526806528
E02000824,Southwark 018,,5.0,295.0,15.0,2.0,,,1.0,,0.020517676767676768,0.09879496721601984
E02000584,Kensington and Chelsea 008,,10.0,400.0,20.0,1.0,1.0,1.0,2.0,,0.02034198113207547,0.10166441745389114
E02000830,Southwark 024,,5.0,295.0,15.0,1.0,,,2.0,,0.016705974842767295,0.08869395711500976
E02000412,Haringey 016,,5.0,175.0,10.0,1.0,1.0,,,,0.015625,0.02834008097165992
E02000381,Hammersmith and Fulham 010,,5.0,270.0,15.0,,,,1.0,,0.015625,0.12291947818263607
E02000923,Wandsworth 001,,5.0,275.0,20.0,,,,1.0,,0.015625,0.15272154745838956
E02000925,Wandsworth 003,,5.0,275.0,20.0,,,,1.0,,0.015625,0.15272154745838956
E02000392,Hammersmith and Fulham 021,,5.0,270.0,15.0,,,,1.0,,0.015625,0.12291947818263607
E02000346,Hackney 002,,5.0,285.0,15.0,1.0,1.0,,,,0.015625,0.0644961763382816
E02000185,Camden 020,,5.0,600.0,20.0,,,,1.0,,0.015625,0.28430049482681063
E02000363,Hackney 019,,5.0,285.0,15.0,1.0,1.0,,,,0.015625,0.0644961763382816
E02000907,Waltham Forest 013,,5.0,135.0,15.0,1.0,,,,,0.015625,0.0455090718248613
E02000378,Hammersmith and Fulham 007,,5.0,270.0,15.0,1.0,1.0,,,,0.015625,0.061459739091318036
E02000375,Hammersmith and Fulham 004,,5.0,270.0,15.0,1.0,,,,,0.015625,0.08194631878842405
E02000180,Camden 015,,5.0,600.0,20.0,1.0,1.0,,,,0.015625,0.14215024741340532
E02000928,Wandsworth 006,,5.0,275.0,20.0,1.0,1.0,,,,0.015625,0.07636077372919478
E02000607,Kingston upon Thames 010,,5.0,120.0,10.0,1.0,,,,,0.015625,0.02294197031039136
E02000389,Hammersmith and Fulham 018,,5.0,270.0,15.0,,,,1.0,,0.015625,0.12291947818263607
E02000114,Brent 022,,5.0,190.0,15.0,,,,1.0,,0.015625,0.09053081421502474
E02000810,Southwark 004,,5.0,295.0,15.0,,,,1.0,,0.015625,0.13304093567251463
E02000526,Hounslow 001,,5.0,150.0,20.0,1.0,1.0,,,,0.015625,0.05105713000449842
E02000520,Hillingdon 027,,5.0,165.0,20.0,,,,1.0,,0.015625,0.10818713450292397
E02000495,Hillingdon 002,,5.0,165.0,20.0,,,,1.0,,0.015625,0.10818713450292397
E02000217,Croydon 024,,5.0,205.0,25.0,1.0,,,,,0.015625,0.10143949617633828
E02000215,Croydon 022,,5.0,205.0,25.0,1.0,1.0,,,,0.015625,0.07607962213225371
E02000839,Southwark 033,,5.0,295.0,15.0,,,,1.0,,0.015625,0.13304093567251463
E02000836,Southwark 030,,5.0,295.0,15.0,,,,1.0,,0.015625,0.13304093567251463
E02000130,Bromley 004,,5.0,200.0,20.0,1.0,,,,,0.015625,0.08157144999250263
E02000866,Tower Hamlets 003,,5.0,320.0,10.0,,,,1.0,,0.015625,0.11538461538461539
E02000623,Lambeth 006,,5.0,295.0,15.0,1.0,1.0,,,,0.015625,0.06652046783625731
E02000461,Harrow 029,,5.0,150.0,10.0,,,,1.0,,0.015625,0.0465587044534413
E02000571,Islington 018,,5.0,370.0,10.0,1.0,,,,,0.015625,0.09041835357624832
E02000434,Harrow 002,,5.0,150.0,10.0,,,,1.0,,0.015625,0.0465587044534413
E02000172,Camden 007,,5.0,600.0,20.0,1.0,1.0,,,,0.015625,0.14215024741340532
E02000757,Redbridge 007,,5.0,130.0,10.0,,,,1.0,,0.015625,0.038461538461538464
E02000443,Harrow 011,,5.0,150.0,10.0,,,,1.0,,0.015625,0.0465587044534413
E02000872,Tower Hamlets 009,,5.0,320.0,10.0,1.0,,,,1.0,0.015625,0.057692307692307696
E02000417,Haringey 021,,5.0,175.0,10.0,,,,1.0,,0.015625,0.05668016194331984
E02000419,Haringey 023,,5.0,175.0,10.0,1.0,1.0,,,,0.015625,0.02834008097165992
E02000426,Haringey 030,,5.0,175.0,10.0,,,,1.0,,0.015625,0.05668016194331984
E02000565,Islington 012,,5.0,370.0,10.0,1.0,,,,1.0,0.015625,0.06781376518218624
E02000400,Haringey 004,,5.0,175.0,10.0,,,,1.0,,0.015625,0.05668016194331984
E02000560,Islington 007,,5.0,370.0,10.0,1.0,1.0,,,,0.015625,0.06781376518218624
E02000692,Merton 004,,5.0,120.0,10.0,,,,1.0,,0.015625,0.03441295546558704
E02000638,Lambeth 021,,5.0,295.0,15.0,1.0,,,,,0.015625,0.08869395711500976
E02006928,Greenwich 035,,5.0,145.0,15.0,1.0,,,,,0.015625,0.04820812715549557
E02000016,Barking and Dagenham 015,,5.0,35.0,10.0,1.0,,,,,0.015625,0.0
E02000323,Greenwich 011,,5.0,145.0,15.0,1.0,,,,,0.015625,0.04820812715549557
E02000586,Kensington and Chelsea 010,,10.0,400.0,20.0,1.0,,1.0,1.0,,0.015625,0.1355525566051882
E02000956,Wandsworth 034,,5.0,275.0,20.0,,,,1.0,,0.015625,0.15272154745838956
E02000340,Greenwich 028,,5.0,145.0,15.0,1.0,,,,,0.015625,0.04820812715549557
E02000051,Barnet 028,,5.0,270.0,10.0,,,,1.0,,0.015625,0.0951417004048583
E02000673,Lewisham 021,,5.0,130.0,15.0,,,,1.0,,0.015625,0.06623931623931624
E02000661,Lewisham 009,,5.0,130.0,15.0,,,,1.0,,0.015625,0.06623931623931624
E02000690,Merton 002,,5.0,120.0,10.0,,,,1.0,,0.015625,0.03441295546558704
E02000704,Merton 016,,5.0,120.0,10.0,1.0,,,,,0.015625,0.02294197031039136
E02000961,Westminster 002,,5.0,1270.0,100.0,1.0,,,,,0.015625,0.6666666666666666
E02000057,Barnet 034,,5.0,270.0,10.0,,,,1.0,,0.015625,0.0951417004048583
E02000957,Wandsworth 035,,5.0,275.0,20.0,1.0,1.0,,,,0.015625,0.07636077372919478
E02000660,Lewisham 008,,5.0,130.0,15.0,,,,1.0,,0.015625,0.06623931623931624
E02000024,Barnet 001,,5.0,270.0,10.0,,,,1.0,,0.015625,0.0951417004048583
E02000969,Westminster 010,,5.0,1270.0,100.0,1.0,1.0,,,,0.015625,0.5
E02000672,Lewisham 020,,5.0,130.0,15.0,1.0,,,,,0.015625,0.04415954415954416
E02000889,Tower Hamlets 026,,5.0,320.0,10.0,2.0,,1.0,1.0,,0.015388257575757576,0.08702408702408704
E02000568,Islington 015,,5.0,370.0,10.0,2.0,,1.0,1.0,,0.015388257575757576,0.1005193636772584
E02000685,Lewisham 033,,0.0,130.0,15.0,2.0,,,,,0.015151515151515152,0.05426055426055426
E02000431,Haringey 035,,0.0,175.0,10.0,2.0,1.0,,,,0.015151515151515152,0.03591583854741749
E02000658,Lewisham 006,,0.0,130.0,15.0,2.0,2.0,,,,0.015151515151515152,0.07640970140970141
E02000188,Camden 023,,5.0,600.0,20.0,1.0,,1.0,2.0,1.0,0.01252948113207547,0.14215024741340532
E02000592,Kensington and Chelsea 016,,5.0,400.0,20.0,1.0,,1.0,2.0,,0.01252948113207547,0.1355525566051882
E02000557,Islington 004,,5.0,370.0,10.0,1.0,1.0,,1.0,,0.010416666666666666,0.06781376518218624
E02000622,Lambeth 005,,5.0,295.0,15.0,1.0,,,1.0,,0.010416666666666666,0.08869395711500976
E02000911,Waltham Forest 017,,5.0,135.0,15.0,1.0,,1.0,,,0.010416666666666666,0.0455090718248613
E02000589,Kensington and Chelsea 013,,5.0,400.0,20.0,1.0,,1.0,,,0.010416666666666666,0.1355525566051882
E02000364,Hackney 020,,5.0,285.0,15.0,1.0,,1.0,,,0.010416666666666666,0.08599490178437547
E02000814,Southwark 008,,5.0,295.0,15.0,1.0,,1.0,,,0.010416666666666666,0.08869395711500976
E02000265,Ealing 028,,5.0,190.0,20.0,1.0,,1.0,,,0.010416666666666666,0.07887239466186834
E02000926,Wandsworth 004,,5.0,275.0,20.0,1.0,1.0,,1.0,,0.010416666666666666,0.07636077372919478
E02000252,Ealing 015,,5.0,190.0,20.0,1.0,,1.0,,,0.010416666666666666,0.07887239466186834
E02000882,Tower Hamlets 019,,5.0,320.0,10.0,1.0,,1.0,,1.0,0.010416666666666666,0.057692307692307696
E02000405,Haringey 009,,5.0,175.0,10.0,1.0,,,1.0,,0.010416666666666666,0.037786774628879895
E02000645,Lambeth 028,,5.0,295.0,15.0,1.0,,1.0,,,0.010416666666666666,0.08869395711500976
E02000144,Bromley 018,,5.0,200.0,20.0,1.0,,1.0,,,0.010416666666666666,0.08157144999250263
E02000946,Wandsworth 024,,5.0,275.0,20.0,1.0,1.0,,1.0,,0.010416666666666666,0.07636077372919478
E02000408,Haringey 012,,0.0,175.0,10.0,2.0,,1.0,,,0.010101010101010102,0.04788778472988999
E02000428,Haringey 032,,0.0,175.0,10.0,2.0,,1.0,,,0.010101010101010102,0.04788778472988999
E02000123,Brent 031,,0.0,190.0,15.0,2.0,,1.0,,,0.010101010101010102,0.07045488624435993
E02000794,Richmond upon Thames 011,,0.0,195.0,15.0,2.0,,,1.0,,0.010101010101010102,0.07180441390967707
E02000350,Hackney 006,,0.0,285.0,15.0,2.0,,1.0,,,0.010101010101010102,0.09609591188538558
E02000962,Westminster 003,,0.0,1270.0,100.0,,,,2.0,,0.009433962264150943,1.0
E02000730,Newham 017,,0.0,125.0,10.0,,,,2.0,,0.009433962264150943,0.03643724696356275
E02000983,Westminster 024,,0.0,1270.0,100.0,,,,2.0,,0.009433962264150943,1.0
E02000837,Southwark 031,,0.0,295.0,15.0,,,,2.0,,0.009433962264150943,0.13304093567251463
E02000935,Wandsworth 013,,0.0,275.0,20.0,,,,2.0,,0.009433962264150943,0.15272154745838956
E02000784,Richmond upon Thames 001,,5.0,195.0,15.0,1.0,,1.0,1.0,,0.0078125,0.061703403808666964
E02000876,Tower Hamlets 013,,5.0,320.0,10.0,1.0,,1.0,1.0,,0.0078125,0.07692307692307693
E02000268,Ealing 031,,5.0,190.0,20.0,1.0,,1.0,1.0,,0.0078125,0.07887239466186834
E02000175,Camden 010,,5.0,600.0,20.0,1.0,,1.0,1.0,,0.0078125,0.18953366321787377
E02000585,Kensington and Chelsea 009,,0.0,400.0,20.0,1.0,,,2.0,,0.006289308176100628,0.1355525566051882
E02000695,Merton 007,,0.0,120.0,10.0,,,,,,0.0,0.03441295546558704
E02000125,Brent 033,,0.0,190.0,15.0,1.0,1.0,,,,0.0,0.04526540710751237
E02000126,Brent 034,,0.0,190.0,15.0,,,,,,0.0,0.09053081421502474
E02000128,Bromley 002,,0.0,200.0,20.0,,,,,,0.0,0.12235717498875394
E02000127,Bromley 001,,0.0,200.0,20.0,,,,,,0.0,0.12235717498875394
E02000131,Bromley 005,,0.0,200.0,20.0,1.0,,,,,0.0,0.08157144999250263
E02000135,Bromley 009,,0.0,200.0,20.0,,,,,,0.0,0.12235717498875394
E02000691,Merton 003,,0.0,120.0,10.0,,,,1.0,,0.0,0.03441295546558704
E02000136,Bromley 010,,0.0,200.0,20.0,,,,,,0.0,0.12235717498875394
E02000103,Brent 011,,0.0,190.0,15.0,,,,,,0.0,0.09053081421502474
E02000662,Lewisham 010,,0.0,130.0,15.0,,,,1.0,,0.0,0.06623931623931624
E02000147,Bromley 021,,0.0,200.0,20.0,,,,,,0.0,0.12235717498875394
E02000117,Brent 025,,0.0,190.0,15.0,,,,,,0.0,0.09053081421502474
E02000118,Brent 026,,0.0,190.0,15.0,,,,,,0.0,0.09053081421502474
E02000119,Brent 027,,0.0,190.0,15.0,,,,,,0.0,0.09053081421502474
E02000088,Bexley 024,,0.0,110.0,20.0,,,,,,0.0,0.08591992802519118
E02000089,Bexley 025,,0.0,110.0,20.0,,,,,,0.0,0.08591992802519118
E02000789,Richmond upon Thames 006,,0.0,195.0,15.0,1.0,,,,,0.0,0.061703403808666964
E02000792,Richmond upon Thames 009,,0.0,195.0,15.0,1.0,,,1.0,,0.0,0.061703403808666964
E02000796,Richmond upon Thames 013,,0.0,195.0,15.0,,,,,,0.0,0.09255510571300045
E02000799,Richmond upon Thames 016,,0.0,195.0,15.0,,,,1.0,,0.0,0.09255510571300045
E02000146,Bromley 020,,0.0,200.0,20.0,,,,,,0.0,0.12235717498875394
E02000145,Bromley 019,,0.0,200.0,20.0,,,,,,0.0,0.12235717498875394
E02000800,Richmond upon Thames 017,,0.0,195.0,15.0,,,,,,0.0,0.09255510571300045
E02000763,Redbridge 013,,0.0,130.0,10.0,,,,,,0.0,0.038461538461538464
E02000765,Redbridge 015,,0.0,130.0,10.0,,,,,,0.0,0.038461538461538464
E02000782,Redbridge 032,,0.0,130.0,10.0,,,,,,0.0,0.038461538461538464
E02000663,Lewisham 011,,0.0,130.0,15.0,,,,,,0.0,0.06623931623931624
E02000746,Newham 033,,0.0,125.0,10.0,,,,,,0.0,0.03643724696356275
E02000745,Newham 032,,0.0,125.0,10.0,,,,,,0.0,0.03643724696356275
E02000783,Redbridge 033,,0.0,130.0,10.0,,,,,,0.0,0.038461538461538464
E02000104,Brent 012,,0.0,190.0,15.0,,,,,,0.0,0.09053081421502474
E02000781,Redbridge 031,,0.0,130.0,10.0,,,,,,0.0,0.038461538461538464
E02000140,Bromley 014,,0.0,200.0,20.0,,,,,,0.0,0.12235717498875394
E02000767,Redbridge 017,,0.0,130.0,10.0,,,,,,0.0,0.038461538461538464
E02000779,Redbridge 029,,0.0,130.0,10.0,,,,,,0.0,0.038461538461538464
E02000777,Redbridge 027,,0.0,130.0,10.0,,,,,,0.0,0.038461538461538464
E02000776,Redbridge 026,,0.0,130.0,10.0,,,,,,0.0,0.038461538461538464
E02000142,Bromley 016,,0.0,200.0,20.0,,,,,,0.0,0.12235717498875394
E02000774,Redbridge 024,,0.0,130.0,10.0,,,,,,0.0,0.038461538461538464
E02000773,Redbridge 023,,0.0,130.0,10.0,,,,,,0.0,0.038461538461538464
E02000772,Redbridge 022,,0.0,130.0,10.0,,,,,,0.0,0.038461538461538464
E02000768,Redbridge 018,,0.0,130.0,10.0,,,,,,0.0,0.038461538461538464
E02000141,Bromley 015,,0.0,200.0,20.0,,,,,,0.0,0.12235717498875394
E02000116,Brent 024,,0.0,190.0,15.0,,,,,,0.0,0.09053081421502474
E02000706,Merton 018,,0.0,120.0,10.0,,,,,,0.0,0.03441295546558704
E02000705,Merton 017,,0.0,120.0,10.0,,,,,,0.0,0.03441295546558704
E02000740,Newham 027,,0.0,125.0,10.0,1.0,,,,,0.0,0.0242914979757085
E02000741,Newham 028,,0.0,125.0,10.0,,,,,,0.0,0.03643724696356275
E02000703,Merton 015,,0.0,120.0,10.0,,,,,,0.0,0.03441295546558704
E02000702,Merton 014,,0.0,120.0,10.0,,,,,,0.0,0.03441295546558704
E02000742,Newham 029,,0.0,125.0,10.0,,,,,,0.0,0.03643724696356275
E02000712,Merton 024,,0.0,120.0,10.0,,,,,,0.0,0.03441295546558704
E02000713,Merton 025,,0.0,120.0,10.0,,,,1.0,,0.0,0.03441295546558704
E02000714,Newham 001,,0.0,125.0,10.0,1.0,,,,,0.0,0.0242914979757085
E02000701,Merton 013,,0.0,120.0,10.0,,,,,,0.0,0.03441295546558704
E02000700,Merton 012,,0.0,120.0,10.0,,,,,,0.0,0.03441295546558704
E02000683,Lewisham 031,,0.0,130.0,15.0,,,,,,0.0,0.06623931623931624
E02000715,Newham 002,,0.0,125.0,10.0,,,,,,0.0,0.03643724696356275
E02000698,Merton 010,,0.0,120.0,10.0,,,,,,0.0,0.03441295546558704
E02000696,Merton 008,,0.0,120.0,10.0,,,,,,0.0,0.03441295546558704
E02000716,Newham 003,,0.0,125.0,10.0,,,,,,0.0,0.03643724696356275
E02000717,Newham 004,,0.0,125.0,10.0,,,,,,0.0,0.03643724696356275
E02000728,Newham 015,,0.0,125.0,10.0,,,,,,0.0,0.03643724696356275
E02000718,Newham 005,,0.0,125.0,10.0,,,,,,0.0,0.03643724696356275
E02000719,Newham 006,,0.0,125.0,10.0,,,,,,0.0,0.03643724696356275
E02000727,Newham 014,,0.0,125.0,10.0,,,,,,0.0,0.03643724696356275
E02000720,Newham 007,,0.0,125.0,10.0,,,,,,0.0,0.03643724696356275
E02000721,Newham 008,,0.0,125.0,10.0,,,,,,0.0,0.03643724696356275
E02000724,Newham 011,,0.0,125.0,10.0,,,,,,0.0,0.03643724696356275
E02000722,Newham 009,,0.0,125.0,10.0,,,,,,0.0,0.03643724696356275
E02000723,Newham 010,,0.0,125.0,10.0,,,,,,0.0,0.03643724696356275
E02000699,Merton 011,,0.0,120.0,10.0,,,,1.0,,0.0,0.03441295546558704
E02000105,Brent 013,,0.0,190.0,15.0,,,,,,0.0,0.09053081421502474
E02000748,Newham 035,,0.0,125.0,10.0,,,,1.0,,0.0,0.03643724696356275
E02000749,Newham 036,,0.0,125.0,10.0,,,,,,0.0,0.03643724696356275
E02000752,Redbridge 002,,0.0,130.0,10.0,,,,,,0.0,0.038461538461538464
E02000753,Redbridge 003,,0.0,130.0,10.0,,,,,,0.0,0.038461538461538464
E02000754,Redbridge 004,,0.0,130.0,10.0,,,,,,0.0,0.038461538461538464
E02000755,Redbridge 005,,0.0,130.0,10.0,,,,,,0.0,0.038461538461538464
E02000689,Merton 001,,0.0,120.0,10.0,,,,,,0.0,0.03441295546558704
E02000687,Lewisham 035,,0.0,130.0,15.0,,,,,,0.0,0.06623931623931624
E02000686,Lewisham 034,,0.0,130.0,15.0,,,,,,0.0,0.06623931623931624
E02000758,Redbridge 008,,0.0,130.0,10.0,,,,,,0.0,0.038461538461538464
E02000760,Redbridge 010,,0.0,130.0,10.0,,,,,,0.0,0.038461538461538464
E02000762,Redbridge 012,,0.0,130.0,10.0,,,,,,0.0,0.038461538461538464
E02000707,Merton 019,,0.0,120.0,10.0,,,,,,0.0,0.03441295546558704
E02000682,Lewisham 030,,0.0,130.0,15.0,,,,,,0.0,0.06623931623931624
E02000680,Lewisham 028,,0.0,130.0,15.0,,,,,,0.0,0.06623931623931624
E02000732,Newham 019,,0.0,125.0,10.0,,,,,,0.0,0.03643724696356275
E02000678,Lewisham 026,,0.0,130.0,15.0,,,,,,0.0,0.06623931623931624
E02000733,Newham 020,,0.0,125.0,10.0,,,,,,0.0,0.03643724696356275
E02000734,Newham 021,,0.0,125.0,10.0,,,,,,0.0,0.03643724696356275
E02000735,Newham 022,,0.0,125.0,10.0,,,,,,0.0,0.03643724696356275
E02000711,Merton 023,,0.0,120.0,10.0,,,,,,0.0,0.03441295546558704
E02000737,Newham 024,,0.0,125.0,10.0,,,,,,0.0,0.03643724696356275
E02000738,Newham 025,,0.0,125.0,10.0,,,,,,0.0,0.03643724696356275
E02000710,Merton 022,,0.0,120.0,10.0,,,,,,0.0,0.03441295546558704
E02000709,Merton 021,,0.0,120.0,10.0,,,,,,0.0,0.03441295546558704
E02000739,Newham 026,,0.0,125.0,10.0,,,,,,0.0,0.03643724696356275
E02000708,Merton 020,,0.0,120.0,10.0,,,,,,0.0,0.03441295546558704
E02000729,Newham 016,,0.0,125.0,10.0,,,,,,0.0,0.03643724696356275
E02000065,Bexley 001,,0.0,110.0,20.0,,,,,,0.0,0.08591992802519118
E02000064,Barnet 041,,0.0,270.0,10.0,,,,,,0.0,0.0951417004048583
E02000063,Barnet 040,,0.0,270.0,10.0,,,,,,0.0,0.0951417004048583
E02000062,Barnet 039,,0.0,270.0,10.0,,,,,,0.0,0.0951417004048583
E02000061,Barnet 038,,0.0,270.0,10.0,,,,,,0.0,0.0951417004048583
E02000060,Barnet 037,,0.0,270.0,10.0,,,,,,0.0,0.0951417004048583
E02000058,Barnet 035,,0.0,270.0,10.0,,,,,,0.0,0.0951417004048583
E02000920,Waltham Forest 026,,0.0,135.0,15.0,,,,,,0.0,0.06826360773729195
E02000821,Southwark 015,,0.0,295.0,15.0,1.0,,,,,0.0,0.08869395711500976
E02000950,Wandsworth 028,,0.0,275.0,20.0,,,,,,0.0,0.15272154745838956
E02000948,Wandsworth 026,,0.0,275.0,20.0,1.0,1.0,,,,0.0,0.07636077372919478
E02000944,Wandsworth 022,,0.0,275.0,20.0,,,,,,0.0,0.15272154745838956
E02000942,Wandsworth 020,,0.0,275.0,20.0,,,,,,0.0,0.15272154745838956
E02000941,Wandsworth 019,,0.0,275.0,20.0,,,,1.0,,0.0,0.15272154745838956
E02000939,Wandsworth 017,,0.0,275.0,20.0,,,,,,0.0,0.15272154745838956
E02000938,Wandsworth 016,,0.0,275.0,20.0,,,,1.0,,0.0,0.15272154745838956
E02000936,Wandsworth 014,,0.0,275.0,20.0,,,,,,0.0,0.15272154745838956
E02000965,Westminster 006,,0.0,1270.0,100.0,,,,,,0.0,1.0
E02000919,Waltham Forest 025,,0.0,135.0,15.0,,,,,,0.0,0.06826360773729195
E02000913,Waltham Forest 019,,0.0,135.0,15.0,,,,,,0.0,0.06826360773729195
E02000912,Waltham Forest 018,,0.0,135.0,15.0,,,,,,0.0,0.06826360773729195
E02000910,Waltham Forest 016,,0.0,135.0,15.0,,,,1.0,,0.0,0.06826360773729195
E02000909,Waltham Forest 015,,0.0,135.0,15.0,1.0,,1.0,,,0.0,0.0455090718248613
E02000908,Waltham Forest 014,,0.0,135.0,15.0,,,,,,0.0,0.06826360773729195
E02000905,Waltham Forest 011,,0.0,135.0,15.0,1.0,1.0,,1.0,,0.0,0.03413180386864598
E02000904,Waltham Forest 010,,0.0,135.0,15.0,,,,,,0.0,0.06826360773729195
E02000903,Waltham Forest 009,,0.0,135.0,15.0,,,,,,0.0,0.06826360773729195
E02000902,Waltham Forest 008,,0.0,135.0,15.0,,,,,,0.0,0.06826360773729195
E02000066,Bexley 002,,0.0,110.0,20.0,,,,,,0.0,0.08591992802519118
E02000931,Wandsworth 009,,0.0,275.0,20.0,,,,,,0.0,0.15272154745838956
E02000929,Wandsworth 007,,0.0,275.0,20.0,,,,,,0.0,0.15272154745838956
E02000927,Wandsworth 005,,0.0,275.0,20.0,,,,,,0.0,0.15272154745838956
E02000922,Waltham Forest 028,,0.0,135.0,15.0,,,,,,0.0,0.06826360773729195
E02000921,Waltham Forest 027,,0.0,135.0,15.0,,,,,,0.0,0.06826360773729195
E02000039,Barnet 016,,0.0,270.0,10.0,,,,,,0.0,0.0951417004048583
E02000038,Barnet 015,,0.0,270.0,10.0,,,,,,0.0,0.0951417004048583
E02000037,Barnet 014,,0.0,270.0,10.0,,,,,,0.0,0.0951417004048583
E02000069,Bexley 005,,0.0,110.0,20.0,,,,,,0.0,0.08591992802519118
E02000933,Wandsworth 011,,0.0,275.0,20.0,,,,,,0.0,0.15272154745838956
E02006921,Hackney 029,,0.0,285.0,15.0,,,,,,0.0,0.1289923526765632
E02006853,Tower Hamlets 032,,0.0,320.0,10.0,,,,,,0.0,0.11538461538461539
E02000007,Barking and Dagenham 006,,0.0,35.0,10.0,,,,,,0.0,0.0
E02000005,Barking and Dagenham 004,,0.0,35.0,10.0,,,,,,0.0,0.0
E02006800,Redbridge 034,,0.0,130.0,10.0,,,,,,0.0,0.038461538461538464
E02000032,Barnet 009,,0.0,270.0,10.0,,,,,,0.0,0.0951417004048583
E02006799,Barking and Dagenham 023,,0.0,35.0,10.0,,,,,,0.0,0.0
E02000020,Barking and Dagenham 019,,0.0,35.0,10.0,,,,,,0.0,0.0
E02000019,Barking and Dagenham 018,,0.0,35.0,10.0,,,,,,0.0,0.0
E02000964,Westminster 005,,0.0,1270.0,100.0,,,,1.0,,0.0,1.0
E02000017,Barking and Dagenham 016,,0.0,35.0,10.0,,,,,,0.0,0.0
E02000015,Barking and Dagenham 014,,0.0,35.0,10.0,,,,,,0.0,0.0
E02000014,Barking and Dagenham 013,,0.0,35.0,10.0,,,,,,0.0,0.0
E02000013,Barking and Dagenham 012,,0.0,35.0,10.0,,,,,,0.0,0.0
E02000012,Barking and Dagenham 011,,0.0,35.0,10.0,,,,,,0.0,0.0
E02000011,Barking and Dagenham 010,,0.0,35.0,10.0,,,,,,0.0,0.0
E02000010,Barking and Dagenham 009,,0.0,35.0,10.0,,,,,,0.0,0.0
E02000009,Barking and Dagenham 008,,0.0,35.0,10.0,,,,,,0.0,0.0
E02000008,Barking and Dagenham 007,,0.0,35.0,10.0,,,,,,0.0,0.0
E02000018,Barking and Dagenham 017,,0.0,35.0,10.0,,,,,,0.0,0.0
E02000963,Westminster 004,,0.0,1270.0,100.0,,,,,,0.0,1.0
E02000960,Westminster 001,,0.0,1270.0,100.0,,,,1.0,,0.0,1.0
E02000959,Wandsworth 037,,0.0,275.0,20.0,,,,,,0.0,0.15272154745838956
E02000958,Wandsworth 036,,0.0,275.0,20.0,,,,,,0.0,0.15272154745838956
E02000955,Wandsworth 033,,0.0,275.0,20.0,,,,,,0.0,0.15272154745838956
E02000023,Barking and Dagenham 022,,0.0,35.0,10.0,,,,1.0,,0.0,0.0
E02000022,Barking and Dagenham 021,,0.0,35.0,10.0,,,,,,0.0,0.0
E02000021,Barking and Dagenham 020,,0.0,35.0,10.0,,,,,,0.0,0.0
E02000050,Barnet 027,,0.0,270.0,10.0,,,,,,0.0,0.0951417004048583
E02006924,Redbridge 035,,0.0,130.0,10.0,,,,,,0.0,0.038461538461538464
E02000048,Barnet 025,,0.0,270.0,10.0,,,,,,0.0,0.0951417004048583
E02000047,Barnet 024,,0.0,270.0,10.0,,,,,,0.0,0.0951417004048583
E02000272,Ealing 035,,0.0,190.0,20.0,,,,,,0.0,0.11830859199280251
E02000028,Barnet 005,,0.0,270.0,10.0,,,,,,0.0,0.0951417004048583
E02000027,Barnet 004,,0.0,270.0,10.0,,,,,,0.0,0.0951417004048583
E02000026,Barnet 003,,0.0,270.0,10.0,,,,,,0.0,0.0951417004048583
E02000003,Barking and Dagenham 002,,0.0,35.0,10.0,,,,,,0.0,0.0
E02006927,Greenwich 034,,0.0,145.0,15.0,,,,,,0.0,0.07231219073324335
E02006925,Redbridge 036,,0.0,130.0,10.0,,,,,,0.0,0.038461538461538464
E02000049,Barnet 026,,0.0,270.0,10.0,,,,,,0.0,0.0951417004048583
E02000092,Bexley 028,,0.0,110.0,20.0,,,,,,0.0,0.08591992802519118
E02000091,Bexley 027,,0.0,110.0,20.0,,,,,,0.0,0.08591992802519118
E02000803,Richmond upon Thames 020,,0.0,195.0,15.0,,,,,,0.0,0.09255510571300045
E02000833,Southwark 027,,0.0,295.0,15.0,,,,1.0,,0.0,0.13304093567251463
E02000826,Southwark 020,,0.0,295.0,15.0,,,,,,0.0,0.13304093567251463
E02000825,Southwark 019,,0.0,295.0,15.0,,,,,,0.0,0.13304093567251463
E02000823,Southwark 017,,0.0,295.0,15.0,,,,,,0.0,0.13304093567251463
E02000822,Southwark 016,,0.0,295.0,15.0,,,,,,0.0,0.13304093567251463
E02000915,Waltham Forest 021,,0.0,135.0,15.0,,,,,,0.0,0.06826360773729195
E02000820,Southwark 014,,0.0,295.0,15.0,,,,,,0.0,0.13304093567251463
E02000819,Southwark 013,,0.0,295.0,15.0,,,,,,0.0,0.13304093567251463
E02000850,Sutton 011,,0.0,95.0,10.0,,,,,,0.0,0.024291497975708502
E02000848,Sutton 009,,0.0,95.0,10.0,,,,,,0.0,0.024291497975708502
E02000846,Sutton 007,,0.0,95.0,10.0,,,,,,0.0,0.024291497975708502
E02000844,Sutton 005,,0.0,95.0,10.0,,,,,,0.0,0.024291497975708502
E02000843,Sutton 004,,0.0,95.0,10.0,,,,,,0.0,0.024291497975708502
E02000842,Sutton 003,,0.0,95.0,10.0,,,,,,0.0,0.024291497975708502
E02000841,Sutton 002,,0.0,95.0,10.0,,,,,,0.0,0.024291497975708502
E02000149,Bromley 023,,0.0,200.0,20.0,,,,,,0.0,0.12235717498875394
E02000115,Brent 023,,0.0,190.0,15.0,,,,,,0.0,0.09053081421502474
E02000113,Brent 021,,0.0,190.0,15.0,,,,,,0.0,0.09053081421502474
E02000111,Brent 019,,0.0,190.0,15.0,,,,,,0.0,0.09053081421502474
E02000110,Brent 018,,0.0,190.0,15.0,,,,,,0.0,0.09053081421502474
E02000108,Brent 016,,0.0,190.0,15.0,,,,,,0.0,0.09053081421502474
E02000107,Brent 015,,0.0,190.0,15.0,,,,,,0.0,0.09053081421502474
E02000106,Brent 014,,0.0,190.0,15.0,,,,,,0.0,0.09053081421502474
E02000787,Richmond upon Thames 004,,0.0,195.0,15.0,,,,,,0.0,0.09255510571300045
E02000818,Southwark 012,,0.0,295.0,15.0,,,,,,0.0,0.13304093567251463
E02000095,Brent 003,,0.0,190.0,15.0,,,,,,0.0,0.09053081421502474
E02000816,Southwark 010,,0.0,295.0,15.0,1.0,1.0,,,,0.0,0.06652046783625731
E02000807,Southwark 001,,0.0,295.0,15.0,,,,,,0.0,0.13304093567251463
E02000072,Bexley 008,,0.0,110.0,20.0,,,,,,0.0,0.08591992802519118
E02000102,Brent 010,,0.0,190.0,15.0,,,,,,0.0,0.09053081421502474
E02000101,Brent 009,,0.0,190.0,15.0,,,,,,0.0,0.09053081421502474
E02000100,Brent 008,,0.0,190.0,15.0,,,,,,0.0,0.09053081421502474
E02000099,Brent 007,,0.0,190.0,15.0,,,,,,0.0,0.09053081421502474
E02000098,Brent 006,,0.0,190.0,15.0,,,,,,0.0,0.09053081421502474
E02000096,Brent 004,,0.0,190.0,15.0,,,,,,0.0,0.09053081421502474
E02000817,Southwark 011,,0.0,295.0,15.0,,,,,,0.0,0.13304093567251463
E02000881,Tower Hamlets 018,,0.0,320.0,10.0,,,,,,0.0,0.11538461538461539
E02000879,Tower Hamlets 016,,0.0,320.0,10.0,,,,,,0.0,0.11538461538461539
E02000877,Tower Hamlets 014,,0.0,320.0,10.0,,,,,,0.0,0.11538461538461539
E02000875,Tower Hamlets 012,,0.0,320.0,10.0,1.0,1.0,,,,0.0,0.057692307692307696
E02000874,Tower Hamlets 011,,0.0,320.0,10.0,,,,,,0.0,0.11538461538461539
E02000871,Tower Hamlets 008,,0.0,320.0,10.0,1.0,1.0,,,,0.0,0.057692307692307696
E02000870,Tower Hamlets 007,,0.0,320.0,10.0,,,,1.0,,0.0,0.11538461538461539
E02000901,Waltham Forest 007,,0.0,135.0,15.0,,,,,,0.0,0.06826360773729195
E02000900,Waltham Forest 006,,0.0,135.0,15.0,,,,,,0.0,0.06826360773729195
E02000840,Sutton 001,,0.0,95.0,10.0,,,,,,0.0,0.024291497975708502
E02000898,Waltham Forest 004,,0.0,135.0,15.0,,,,,,0.0,0.06826360773729195
E02000897,Waltham Forest 003,,0.0,135.0,15.0,,,,,,0.0,0.06826360773729195
E02000894,Tower Hamlets 031,,0.0,320.0,10.0,,,,,,0.0,0.11538461538461539
E02000893,Tower Hamlets 030,,0.0,320.0,10.0,,,,,,0.0,0.11538461538461539
E02000888,Tower Hamlets 025,,0.0,320.0,10.0,,,,,1.0,0.0,0.07692307692307693
E02000887,Tower Hamlets 024,,0.0,320.0,10.0,,,,,,0.0,0.11538461538461539
E02000885,Tower Hamlets 022,,0.0,320.0,10.0,1.0,1.0,,,,0.0,0.057692307692307696
E02000917,Waltham Forest 023,,0.0,135.0,15.0,,,,,,0.0,0.06826360773729195
E02000916,Waltham Forest 022,,0.0,135.0,15.0,,,,,,0.0,0.06826360773729195
E02000899,Waltham Forest 005,,0.0,135.0,15.0,,,,,,0.0,0.06826360773729195
E02000835,Southwark 029,,0.0,295.0,15.0,1.0,,,,,0.0,0.08869395711500976
E02000863,Sutton 024,,0.0,95.0,10.0,,,,,,0.0,0.024291497975708502
E02000861,Sutton 022,,0.0,95.0,10.0,,,,,,0.0,0.024291497975708502
E02000860,Sutton 021,,0.0,95.0,10.0,,,,,,0.0,0.024291497975708502
E02000859,Sutton 020,,0.0,95.0,10.0,,,,,,0.0,0.024291497975708502
E02000858,Sutton 019,,0.0,95.0,10.0,,,,,,0.0,0.024291497975708502
E02000857,Sutton 018,,0.0,95.0,10.0,,,,,,0.0,0.024291497975708502
E02000856,Sutton 017,,0.0,95.0,10.0,,,,,,0.0,0.024291497975708502
E02000056,Barnet 033,,0.0,270.0,10.0,,,,1.0,,0.0,0.0951417004048583
E02000883,Tower Hamlets 020,,0.0,320.0,10.0,,,,,,0.0,0.11538461538461539
E02000054,Barnet 031,,0.0,270.0,10.0,,,,1.0,,0.0,0.0951417004048583
E02000086,Bexley 022,,0.0,110.0,20.0,,,,,,0.0,0.08591992802519118
E02000085,Bexley 021,,0.0,110.0,20.0,,,,,,0.0,0.08591992802519118
E02000078,Bexley 014,,0.0,110.0,20.0,,,,,,0.0,0.08591992802519118
E02000077,Bexley 013,,0.0,110.0,20.0,,,,,,0.0,0.08591992802519118
E02000075,Bexley 011,,0.0,110.0,20.0,,,,,,0.0,0.08591992802519118
E02000074,Bexley 010,,0.0,110.0,20.0,,,,,,0.0,0.08591992802519118
E02000073,Bexley 009,,0.0,110.0,20.0,,,,,,0.0,0.08591992802519118
E02000853,Sutton 014,,0.0,95.0,10.0,1.0,1.0,1.0,,,0.0,0.012145748987854251
E02000055,Barnet 032,,0.0,270.0,10.0,,,,1.0,,0.0,0.0951417004048583
E02000380,Hammersmith and Fulham 009,,0.0,270.0,15.0,,,,,,0.0,0.12291947818263607
E02000411,Haringey 015,,0.0,175.0,10.0,,,,,,0.0,0.05668016194331984
E02000410,Haringey 014,,0.0,175.0,10.0,,,,,,0.0,0.05668016194331984
E02000409,Haringey 013,,0.0,175.0,10.0,,,,,,0.0,0.05668016194331984
E02000407,Haringey 011,,0.0,175.0,10.0,,,,,,0.0,0.05668016194331984
E02000406,Haringey 010,,0.0,175.0,10.0,,,,,,0.0,0.05668016194331984
E02000404,Haringey 008,,0.0,175.0,10.0,,,,,,0.0,0.05668016194331984
E02000402,Haringey 006,,0.0,175.0,10.0,,,,1.0,,0.0,0.05668016194331984
E02000641,Lambeth 024,,0.0,295.0,15.0,,,,,,0.0,0.13304093567251463
E02000398,Haringey 002,,0.0,175.0,10.0,,,,,,0.0,0.05668016194331984
E02000396,Hammersmith and Fulham 025,,0.0,270.0,15.0,,,,,,0.0,0.12291947818263607
E02000427,Haringey 031,,0.0,175.0,10.0,,,,,,0.0,0.05668016194331984
E02000425,Haringey 029,,0.0,175.0,10.0,,,,,,0.0,0.05668016194331984
E02000424,Haringey 028,,0.0,175.0,10.0,,,,,,0.0,0.05668016194331984
E02000423,Haringey 027,,0.0,175.0,10.0,,,,,,0.0,0.05668016194331984
E02000422,Haringey 026,,0.0,175.0,10.0,,,,,,0.0,0.05668016194331984
E02000421,Haringey 025,,0.0,175.0,10.0,1.0,1.0,,,,0.0,0.02834008097165992
E02000420,Haringey 024,,0.0,175.0,10.0,,,,,,0.0,0.05668016194331984
E02000401,Haringey 005,,0.0,175.0,10.0,,,,,,0.0,0.05668016194331984
E02000348,Hackney 004,,0.0,285.0,15.0,1.0,1.0,1.0,,,0.0,0.0644961763382816
E02000347,Hackney 003,,0.0,285.0,15.0,,,,,,0.0,0.1289923526765632
E02000379,Hammersmith and Fulham 008,,0.0,270.0,15.0,,,,1.0,,0.0,0.12291947818263607
E02000374,Hammersmith and Fulham 003,,0.0,270.0,15.0,,,,,,0.0,0.12291947818263607
E02000373,Hammersmith and Fulham 002,,0.0,270.0,15.0,,,,,,0.0,0.12291947818263607
E02000372,Hammersmith and Fulham 001,,0.0,270.0,15.0,,,,,,0.0,0.12291947818263607
E02000368,Hackney 024,,0.0,285.0,15.0,,,,,,0.0,0.1289923526765632
E02000241,Ealing 004,,0.0,190.0,20.0,,,,,,0.0,0.11830859199280251
E02000240,Ealing 003,,0.0,190.0,20.0,,,,,,0.0,0.11830859199280251
E02000385,Hammersmith and Fulham 014,,0.0,270.0,15.0,,,,,,0.0,0.12291947818263607
E02000270,Ealing 033,,0.0,190.0,20.0,,,,1.0,,0.0,0.11830859199280251
E02000266,Ealing 029,,0.0,190.0,20.0,,,,,,0.0,0.11830859199280251
E02000263,Ealing 026,,0.0,190.0,20.0,,,,,,0.0,0.11830859199280251
E02000261,Ealing 024,,0.0,190.0,20.0,,,,,,0.0,0.11830859199280251
E02000259,Ealing 022,,0.0,190.0,20.0,,,,,,0.0,0.11830859199280251
E02000394,Hammersmith and Fulham 023,,0.0,270.0,15.0,,,,,,0.0,0.12291947818263607
E02000393,Hammersmith and Fulham 022,,0.0,270.0,15.0,,,,,,0.0,0.12291947818263607
E02000387,Hammersmith and Fulham 016,,0.0,270.0,15.0,,,,,,0.0,0.12291947818263607
E02000386,Hammersmith and Fulham 015,,0.0,270.0,15.0,,,,,1.0,0.0,0.08194631878842405
E02000271,Ealing 034,,0.0,190.0,20.0,,,,,,0.0,0.11830859199280251
E02000456,Harrow 024,,0.0,150.0,10.0,,,,,,0.0,0.0465587044534413
E02000454,Harrow 022,,0.0,150.0,10.0,,,,,,0.0,0.0465587044534413
E02000453,Harrow 021,,0.0,150.0,10.0,,,,,,0.0,0.0465587044534413
E02000452,Harrow 020,,0.0,150.0,10.0,1.0,1.0,,,,0.0,0.02327935222672065
E02000451,Harrow 019,,0.0,150.0,10.0,,,,,,0.0,0.0465587044534413
E02000449,Harrow 017,,0.0,150.0,10.0,,,,,,0.0,0.0465587044534413
E02000225,Croydon 032,,0.0,205.0,25.0,,,,,,0.0,0.15215924426450742
E02000224,Croydon 031,,0.0,205.0,25.0,,,,,,0.0,0.15215924426450742
E02000418,Haringey 022,,0.0,175.0,10.0,,,,,,0.0,0.05668016194331984
E02000254,Ealing 017,,0.0,190.0,20.0,,,,,,0.0,0.11830859199280251
E02000253,Ealing 016,,0.0,190.0,20.0,,,,,,0.0,0.11830859199280251
E02000251,Ealing 014,,0.0,190.0,20.0,,,,,,0.0,0.11830859199280251
E02000250,Ealing 013,,0.0,190.0,20.0,,,,,,0.0,0.11830859199280251
E02000248,Ealing 011,,0.0,190.0,20.0,,,,,,0.0,0.11830859199280251
E02000247,Ealing 010,,0.0,190.0,20.0,,,,,,0.0,0.11830859199280251
E02000246,Ealing 009,,0.0,190.0,20.0,,,,,,0.0,0.11830859199280251
E02000245,Ealing 008,,0.0,190.0,20.0,,,,,,0.0,0.11830859199280251
E02000244,Ealing 007,,0.0,190.0,20.0,,,,,,0.0,0.11830859199280251
E02000223,Croydon 030,,0.0,205.0,25.0,,,,,,0.0,0.15215924426450742
E02000416,Haringey 020,,0.0,175.0,10.0,1.0,,1.0,,,0.0,0.037786774628879895
E02000415,Haringey 019,,0.0,175.0,10.0,,,,,,0.0,0.05668016194331984
E02000414,Haringey 018,,0.0,175.0,10.0,,,,,,0.0,0.05668016194331984
E02000413,Haringey 017,,0.0,175.0,10.0,,,,,,0.0,0.05668016194331984
E02000444,Harrow 012,,0.0,150.0,10.0,,,,,,0.0,0.0465587044534413
E02000442,Harrow 010,,0.0,150.0,10.0,,,,,,0.0,0.0465587044534413
E02000441,Harrow 009,,0.0,150.0,10.0,,,,,,0.0,0.0465587044534413
E02000440,Harrow 008,,0.0,150.0,10.0,,,,,,0.0,0.0465587044534413
E02000439,Harrow 007,,0.0,150.0,10.0,,,,,,0.0,0.0465587044534413
E02000457,Harrow 025,,0.0,150.0,10.0,,,,,,0.0,0.0465587044534413
E02000436,Harrow 004,,0.0,150.0,10.0,,,,,,0.0,0.0465587044534413
E02000435,Harrow 003,,0.0,150.0,10.0,,,,,,0.0,0.0465587044534413
E02000433,Harrow 001,,0.0,150.0,10.0,,,,,,0.0,0.0465587044534413
E02000432,Haringey 036,,0.0,175.0,10.0,1.0,1.0,,1.0,,0.0,0.02834008097165992
E02000429,Haringey 033,,0.0,175.0,10.0,,,,,,0.0,0.05668016194331984
E02000463,Harrow 031,,0.0,150.0,10.0,,,,,,0.0,0.0465587044534413
E02000462,Harrow 030,,0.0,150.0,10.0,,,,,,0.0,0.0465587044534413
E02000460,Harrow 028,,0.0,150.0,10.0,,,,,,0.0,0.0465587044534413
E02000459,Harrow 027,,0.0,150.0,10.0,,,,,,0.0,0.0465587044534413
E02000438,Harrow 006,,0.0,150.0,10.0,1.0,,,,,0.0,0.0310391363022942
E02000035,Barnet 012,,0.0,270.0,10.0,,,,,,0.0,0.0951417004048583
E02000034,Barnet 011,,0.0,270.0,10.0,,,,,,0.0,0.0951417004048583
E02000033,Barnet 010,,0.0,270.0,10.0,,,,,,0.0,0.0951417004048583
E02000031,Barnet 008,,0.0,270.0,10.0,,,,,,0.0,0.0951417004048583
E02000304,Enfield 028,,0.0,150.0,15.0,,,,1.0,,0.0,0.07433648223121908
E02000303,Enfield 027,,0.0,150.0,15.0,,,,,,0.0,0.07433648223121908
E02000302,Enfield 026,,0.0,150.0,15.0,,,,,,0.0,0.07433648223121908
E02000301,Enfield 025,,0.0,150.0,15.0,,,,,,0.0,0.07433648223121908
E02000351,Hackney 007,,0.0,285.0,15.0,,,,,,0.0,0.1289923526765632
E02000299,Enfield 023,,0.0,150.0,15.0,,,,,,0.0,0.07433648223121908
E02000295,Enfield 019,,0.0,150.0,15.0,,,,,,0.0,0.07433648223121908
E02000294,Enfield 018,,0.0,150.0,15.0,,,,,,0.0,0.07433648223121908
E02000292,Enfield 016,,0.0,150.0,15.0,,,,,,0.0,0.07433648223121908
E02000291,Enfield 015,,0.0,150.0,15.0,,,,1.0,,0.0,0.07433648223121908
E02000290,Enfield 014,,0.0,150.0,15.0,,,,,,0.0,0.07433648223121908
E02000324,Greenwich 012,,0.0,145.0,15.0,,,,,,0.0,0.07231219073324335
E02000321,Greenwich 009,,0.0,145.0,15.0,1.0,,,,,0.0,0.04820812715549557
E02000320,Greenwich 008,,0.0,145.0,15.0,,,,,,0.0,0.07231219073324335
E02000300,Enfield 024,,0.0,150.0,15.0,,,,,,0.0,0.07433648223121908
E02006796,Hillingdon 033,,0.0,165.0,20.0,,,,,,0.0,0.10818713450292397
E02006795,Harrow 032,,0.0,150.0,10.0,,,,,,0.0,0.0465587044534413
E02006794,Haringey 037,,0.0,175.0,10.0,,,,,,0.0,0.05668016194331984
E02006793,Enfield 037,,0.0,150.0,15.0,,,,,,0.0,0.07433648223121908
E02006788,Croydon 045,,0.0,205.0,25.0,,,,,,0.0,0.15215924426450742
E02006787,Bromley 041,,0.0,200.0,20.0,,,,,,0.0,0.12235717498875394
E02006786,Greenwich 033,,0.0,145.0,15.0,,,,,,0.0,0.07231219073324335
E02006785,Bexley 029,,0.0,110.0,20.0,,,,,,0.0,0.08591992802519118
E02006784,Lewisham 038,,0.0,130.0,15.0,,,,,,0.0,0.06623931623931624
E02000036,Barnet 013,,0.0,270.0,10.0,,,,,,0.0,0.0951417004048583
E02000004,Barking and Dagenham 003,,0.0,35.0,10.0,,,,,,0.0,0.0
E02000044,Barnet 021,,0.0,270.0,10.0,,,,,,0.0,0.0951417004048583
E02000043,Barnet 020,,0.0,270.0,10.0,,,,,,0.0,0.0951417004048583
E02000041,Barnet 018,,0.0,270.0,10.0,,,,,,0.0,0.0951417004048583
E02000040,Barnet 017,,0.0,270.0,10.0,1.0,,,,,0.0,0.06342780026990553
E02000952,Wandsworth 030,,0.0,275.0,20.0,,,,,,0.0,0.15272154745838956
E02000951,Wandsworth 029,,0.0,275.0,20.0,,,,,,0.0,0.15272154745838956
E02006783,Lewisham 037,,0.0,130.0,15.0,,,,,,0.0,0.06623931623931624
E02006782,Bromley 040,,0.0,200.0,20.0,,,,,,0.0,0.12235717498875394
E02000045,Barnet 022,,0.0,270.0,10.0,,,,,,0.0,0.0951417004048583
E02000255,Ealing 018,,0.0,190.0,20.0,,,,,,0.0,0.11830859199280251
E02000289,Enfield 013,,0.0,150.0,15.0,,,,,,0.0,0.07433648223121908
E02000288,Enfield 012,,0.0,150.0,15.0,,,,,,0.0,0.07433648223121908
E02000287,Enfield 011,,0.0,150.0,15.0,,,,,,0.0,0.07433648223121908
E02000286,Enfield 010,,0.0,150.0,15.0,,,,,,0.0,0.07433648223121908
E02000285,Enfield 009,,0.0,150.0,15.0,,,,,,0.0,0.07433648223121908
E02000283,Enfield 007,,0.0,150.0,15.0,,,,,,0.0,0.07433648223121908
E02000282,Enfield 006,,0.0,150.0,15.0,,,,,,0.0,0.07433648223121908
E02000319,Greenwich 007,,0.0,145.0,15.0,,,,,,0.0,0.07231219073324335
E02000279,Enfield 003,,0.0,150.0,15.0,,,,,,0.0,0.07433648223121908
E02000278,Enfield 002,,0.0,150.0,15.0,,,,,,0.0,0.07433648223121908
E02000277,Enfield 001,,0.0,150.0,15.0,,,,,,0.0,0.07433648223121908
E02000328,Greenwich 016,,0.0,145.0,15.0,1.0,1.0,,,,0.0,0.03615609536662168
E02000327,Greenwich 015,,0.0,145.0,15.0,,,,,,0.0,0.07231219073324335
E02000326,Greenwich 014,,0.0,145.0,15.0,,,,,,0.0,0.07231219073324335
E02000357,Hackney 013,,0.0,285.0,15.0,,,,,,0.0,0.1289923526765632
E02000355,Hackney 011,,0.0,285.0,15.0,,,,,,0.0,0.1289923526765632
E02000352,Hackney 008,,0.0,285.0,15.0,1.0,,,1.0,,0.0,0.08599490178437547
E02000281,Enfield 005,,0.0,150.0,15.0,,,,,,0.0,0.07433648223121908
E02000318,Greenwich 006,,0.0,145.0,15.0,,,,,,0.0,0.07231219073324335
E02000317,Greenwich 005,,0.0,145.0,15.0,,,,,,0.0,0.07231219073324335
E02000315,Greenwich 003,,0.0,145.0,15.0,,,,,,0.0,0.07231219073324335
E02000314,Greenwich 002,,0.0,145.0,15.0,,,,,,0.0,0.07231219073324335
E02000313,Greenwich 001,,0.0,145.0,15.0,,,,,,0.0,0.07231219073324335
E02000311,Enfield 035,,0.0,150.0,15.0,,,,,,0.0,0.07433648223121908
E02000308,Enfield 032,,0.0,150.0,15.0,,,,,,0.0,0.07433648223121908
E02000307,Enfield 031,,0.0,150.0,15.0,,,,,,0.0,0.07433648223121908
E02000306,Enfield 030,,0.0,150.0,15.0,,,,,,0.0,0.07433648223121908
E02000258,Ealing 021,,0.0,190.0,20.0,,,,,,0.0,0.11830859199280251
E02000342,Greenwich 030,,0.0,145.0,15.0,,,,,,0.0,0.07231219073324335
E02000341,Greenwich 029,,0.0,145.0,15.0,,,,,,0.0,0.07231219073324335
E02000339,Greenwich 027,,0.0,145.0,15.0,,,,,,0.0,0.07231219073324335
E02000337,Greenwich 025,,0.0,145.0,15.0,,,,,,0.0,0.07231219073324335
E02000335,Greenwich 023,,0.0,145.0,15.0,,,,,,0.0,0.07231219073324335
E02000334,Greenwich 022,,0.0,145.0,15.0,,,,,,0.0,0.07231219073324335
E02000333,Greenwich 021,,0.0,145.0,15.0,,,,,,0.0,0.07231219073324335
E02000332,Greenwich 020,,0.0,145.0,15.0,,,,,,0.0,0.07231219073324335
E02000329,Greenwich 017,,0.0,145.0,15.0,,,,,,0.0,0.07231219073324335
E02000344,Greenwich 032,,0.0,145.0,15.0,,,,,,0.0,0.07231219073324335
E02000591,Kensington and Chelsea 015,,0.0,400.0,20.0,,,,,,0.0,0.20332883490778228
E02000182,Camden 017,,0.0,600.0,20.0,,,,,,0.0,0.28430049482681063
E02000181,Camden 016,,0.0,600.0,20.0,,,,,,0.0,0.28430049482681063
E02000176,Camden 011,,0.0,600.0,20.0,,,,1.0,,0.0,0.28430049482681063
E02000581,Kensington and Chelsea 005,,0.0,400.0,20.0,,,,,,0.0,0.20332883490778228
E02000579,Kensington and Chelsea 003,,0.0,400.0,20.0,,,,,,0.0,0.20332883490778228
E02000610,Kingston upon Thames 013,,0.0,120.0,10.0,,,,,,0.0,0.03441295546558704
E02000605,Kingston upon Thames 008,,0.0,120.0,10.0,,,,,,0.0,0.03441295546558704
E02000243,Ealing 006,,0.0,190.0,20.0,,,,,,0.0,0.11830859199280251
E02000603,Kingston upon Thames 006,,0.0,120.0,10.0,,,,,,0.0,0.03441295546558704
E02000599,Kingston upon Thames 002,,0.0,120.0,10.0,,,,,,0.0,0.03441295546558704
E02000598,Kingston upon Thames 001,,0.0,120.0,10.0,,,,,,0.0,0.03441295546558704
E02000626,Lambeth 009,,0.0,295.0,15.0,,,,1.0,,0.0,0.13304093567251463
E02000624,Lambeth 007,,0.0,295.0,15.0,,,,1.0,,0.0,0.13304093567251463
E02000617,Kingston upon Thames 020,,0.0,120.0,10.0,,,,,,0.0,0.03441295546558704
E02000616,Kingston upon Thames 019,,0.0,120.0,10.0,,,,,,0.0,0.03441295546558704
E02000614,Kingston upon Thames 017,,0.0,120.0,10.0,,,,,,0.0,0.03441295546558704
E02000139,Bromley 013,,0.0,200.0,20.0,,,,,,0.0,0.12235717498875394
E02000604,Kingston upon Thames 007,,0.0,120.0,10.0,,,,,,0.0,0.03441295546558704
E02000554,Islington 001,,0.0,370.0,10.0,,,,,,0.0,0.13562753036437247
E02000553,Hounslow 028,,0.0,150.0,20.0,,,,,,0.0,0.10211426000899684
E02000552,Hounslow 027,,0.0,150.0,20.0,,,,,,0.0,0.10211426000899684
E02000551,Hounslow 026,,0.0,150.0,20.0,,,,,,0.0,0.10211426000899684
E02000550,Hounslow 025,,0.0,150.0,20.0,,,,1.0,,0.0,0.10211426000899684
E02000549,Hounslow 024,,0.0,150.0,20.0,,,,,,0.0,0.10211426000899684
E02000548,Hounslow 023,,0.0,150.0,20.0,,,,,,0.0,0.10211426000899684
E02000578,Kensington and Chelsea 002,,0.0,400.0,20.0,,,,,,0.0,0.20332883490778228
E02000171,Camden 006,,0.0,600.0,20.0,,,,,,0.0,0.28430049482681063
E02000563,Islington 010,,0.0,370.0,10.0,,,,,,0.0,0.13562753036437247
E02000203,Croydon 010,,0.0,205.0,25.0,,,,,,0.0,0.15215924426450742
E02000202,Croydon 009,,0.0,205.0,25.0,,,,,,0.0,0.15215924426450742
E02000200,Croydon 007,,0.0,205.0,25.0,1.0,1.0,,,,0.0,0.07607962213225371
E02000199,Croydon 006,,0.0,205.0,25.0,,,,1.0,,0.0,0.15215924426450742
E02000198,Croydon 005,,0.0,205.0,25.0,,,,,,0.0,0.15215924426450742
E02000197,Croydon 004,,0.0,205.0,25.0,,,,,,0.0,0.15215924426450742
E02000196,Croydon 003,,0.0,205.0,25.0,,,,1.0,,0.0,0.15215924426450742
E02000195,Croydon 002,,0.0,205.0,25.0,,,,,,0.0,0.15215924426450742
E02000564,Islington 011,,0.0,370.0,10.0,,,,,,0.0,0.13562753036437247
E02000204,Croydon 011,,0.0,205.0,25.0,,,,,,0.0,0.15215924426450742
E02000650,Lambeth 033,,0.0,295.0,15.0,,,,,,0.0,0.13304093567251463
E02000648,Lambeth 031,,0.0,295.0,15.0,,,,,,0.0,0.13304093567251463
E02000644,Lambeth 027,,0.0,295.0,15.0,,,,,,0.0,0.13304093567251463
E02000677,Lewisham 025,,0.0,130.0,15.0,,,,,,0.0,0.06623931623931624
E02000676,Lewisham 024,,0.0,130.0,15.0,1.0,1.0,,,,0.0,0.03311965811965812
E02000674,Lewisham 022,,0.0,130.0,15.0,,,,,,0.0,0.06623931623931624
E02000670,Lewisham 018,,0.0,130.0,15.0,,,,,,0.0,0.06623931623931624
E02000669,Lewisham 017,,0.0,130.0,15.0,,,,,,0.0,0.06623931623931624
E02000138,Bromley 012,,0.0,200.0,20.0,,,,,,0.0,0.12235717498875394
E02000667,Lewisham 015,,0.0,130.0,15.0,1.0,,1.0,,,0.0,0.04415954415954416
E02000666,Lewisham 014,,0.0,130.0,15.0,,,,,,0.0,0.06623931623931624
E02000665,Lewisham 013,,0.0,130.0,15.0,,,,,,0.0,0.06623931623931624
E02000122,Brent 030,,0.0,190.0,15.0,,,,,,0.0,0.09053081421502474
E02000121,Brent 029,,0.0,190.0,15.0,,,,,,0.0,0.09053081421502474
E02000153,Bromley 027,,0.0,200.0,20.0,,,,,,0.0,0.12235717498875394
E02000152,Bromley 026,,0.0,200.0,20.0,,,,,,0.0,0.12235717498875394
E02000151,Bromley 025,,0.0,200.0,20.0,,,,,,0.0,0.12235717498875394
E02000150,Bromley 024,,0.0,200.0,20.0,1.0,,1.0,,,0.0,0.08157144999250263
E02000668,Lewisham 016,,0.0,130.0,15.0,1.0,,,,,0.0,0.04415954415954416
E02000137,Bromley 011,,0.0,200.0,20.0,,,,,,0.0,0.12235717498875394
E02000169,Camden 004,,0.0,600.0,20.0,,,,1.0,,0.0,0.28430049482681063
E02000165,Bromley 039,,0.0,200.0,20.0,,,,,,0.0,0.12235717498875394
E02000161,Bromley 035,,0.0,200.0,20.0,,,,,,0.0,0.12235717498875394
E02000160,Bromley 034,,0.0,200.0,20.0,,,,,,0.0,0.12235717498875394
E02000158,Bromley 032,,0.0,200.0,20.0,,,,,,0.0,0.12235717498875394
E02000157,Bromley 031,,0.0,200.0,20.0,,,,,,0.0,0.12235717498875394
E02000613,Kingston upon Thames 016,,0.0,120.0,10.0,,,,,,0.0,0.03441295546558704
E02000612,Kingston upon Thames 015,,0.0,120.0,10.0,,,,,,0.0,0.03441295546558704
E02000652,Lambeth 035,,0.0,295.0,15.0,,,,,,0.0,0.13304093567251463
E02000643,Lambeth 026,,0.0,295.0,15.0,1.0,,1.0,1.0,,0.0,0.08869395711500976
E02000002,Barking and Dagenham 001,,0.0,35.0,10.0,,,,,,0.0,0.0
E02000640,Lambeth 023,,0.0,295.0,15.0,,,,,,0.0,0.13304093567251463
E02000639,Lambeth 022,,0.0,295.0,15.0,,,,,,0.0,0.13304093567251463
E02000637,Lambeth 020,,0.0,295.0,15.0,1.0,,1.0,,,0.0,0.08869395711500976
E02000632,Lambeth 015,,0.0,295.0,15.0,1.0,1.0,,,,0.0,0.06652046783625731
E02000659,Lewisham 007,,0.0,130.0,15.0,,,,,,0.0,0.06623931623931624
E02000655,Lewisham 003,,0.0,130.0,15.0,1.0,,1.0,,,0.0,0.04415954415954416
E02000653,Lewisham 001,,0.0,130.0,15.0,,,,,,0.0,0.06623931623931624
E02000611,Kingston upon Thames 014,,0.0,120.0,10.0,,,,,,0.0,0.03441295546558704
E02000489,Havering 026,,0.0,130.0,20.0,,,,,,0.0,0.09401709401709402
E02000488,Havering 025,,0.0,130.0,20.0,,,,,,0.0,0.09401709401709402
E02000486,Havering 023,,0.0,130.0,20.0,,,,,,0.0,0.09401709401709402
E02000484,Havering 021,,0.0,130.0,20.0,,,,,,0.0,0.09401709401709402
E02000482,Havering 019,,0.0,130.0,20.0,,,,,,0.0,0.09401709401709402
E02000481,Havering 018,,0.0,130.0,20.0,,,,,,0.0,0.09401709401709402
E02000480,Havering 017,,0.0,130.0,20.0,,,,,,0.0,0.09401709401709402
E02000512,Hillingdon 019,,0.0,165.0,20.0,,,,,,0.0,0.10818713450292397
E02000555,Islington 002,,0.0,370.0,10.0,,,,,,0.0,0.13562753036437247
E02000507,Hillingdon 014,,0.0,165.0,20.0,,,,,,0.0,0.10818713450292397
E02000506,Hillingdon 013,,0.0,165.0,20.0,,,,,,0.0,0.10818713450292397
E02000503,Hillingdon 010,,0.0,165.0,20.0,,,,,,0.0,0.10818713450292397
E02000501,Hillingdon 008,,0.0,165.0,20.0,,,,,,0.0,0.10818713450292397
E02000499,Hillingdon 006,,0.0,165.0,20.0,,,,,,0.0,0.10818713450292397
E02000208,Croydon 015,,0.0,205.0,25.0,,,,,,0.0,0.15215924426450742
E02000207,Croydon 014,,0.0,205.0,25.0,,,,,,0.0,0.15215924426450742
E02000206,Croydon 013,,0.0,205.0,25.0,,,,,,0.0,0.15215924426450742
E02000237,Croydon 044,,0.0,205.0,25.0,,,,,,0.0,0.15215924426450742
E02000510,Hillingdon 017,,0.0,165.0,20.0,,,,,,0.0,0.10818713450292397
E02000242,Ealing 005,,0.0,190.0,20.0,,,,,,0.0,0.11830859199280251
E02000447,Harrow 015,,0.0,150.0,10.0,,,,1.0,,0.0,0.0465587044534413
E02000445,Harrow 013,,0.0,150.0,10.0,,,,,,0.0,0.0465587044534413
E02000478,Havering 015,,0.0,130.0,20.0,,,,,,0.0,0.09401709401709402
E02000477,Havering 014,,0.0,130.0,20.0,,,,,,0.0,0.09401709401709402
E02000474,Havering 011,,0.0,130.0,20.0,,,,,,0.0,0.09401709401709402
E02000473,Havering 010,,0.0,130.0,20.0,,,,,,0.0,0.09401709401709402
E02000472,Havering 009,,0.0,130.0,20.0,,,,,,0.0,0.09401709401709402
E02000471,Havering 008,,0.0,130.0,20.0,,,,,,0.0,0.09401709401709402
E02000490,Havering 027,,0.0,130.0,20.0,,,,,,0.0,0.09401709401709402
E02000469,Havering 006,,0.0,130.0,20.0,,,,,,0.0,0.09401709401709402
E02000468,Havering 005,,0.0,130.0,20.0,,,,,,0.0,0.09401709401709402
E02000467,Havering 004,,0.0,130.0,20.0,,,,,,0.0,0.09401709401709402
E02000466,Havering 003,,0.0,130.0,20.0,,,,,,0.0,0.09401709401709402
E02000465,Havering 002,,0.0,130.0,20.0,,,,,,0.0,0.09401709401709402
E02000464,Havering 001,,0.0,130.0,20.0,,,,,,0.0,0.09401709401709402
E02000494,Hillingdon 001,,0.0,165.0,20.0,,,,,,0.0,0.10818713450292397
E02000492,Havering 029,,0.0,130.0,20.0,,,,,,0.0,0.09401709401709402
E02000491,Havering 028,,0.0,130.0,20.0,,,,,,0.0,0.09401709401709402
E02000470,Havering 007,,0.0,130.0,20.0,,,,,,0.0,0.09401709401709402
E02000544,Hounslow 019,,0.0,150.0,20.0,,,,,,0.0,0.10211426000899684
E02000542,Hounslow 017,,0.0,150.0,20.0,,,,,,0.0,0.10211426000899684
E02000541,Hounslow 016,,0.0,150.0,20.0,,,,,,0.0,0.10211426000899684
E02000538,Hounslow 013,,0.0,150.0,20.0,,,,1.0,,0.0,0.10211426000899684
E02000537,Hounslow 012,,0.0,150.0,20.0,,,,,,0.0,0.10211426000899684
E02000536,Hounslow 011,,0.0,150.0,20.0,,,,,,0.0,0.10211426000899684
E02000535,Hounslow 010,,0.0,150.0,20.0,,,,,,0.0,0.10211426000899684
E02000534,Hounslow 009,,0.0,150.0,20.0,,,,,,0.0,0.10211426000899684
E02000221,Croydon 028,,0.0,205.0,25.0,,,,,,0.0,0.15215924426450742
E02000236,Croydon 043,,0.0,205.0,25.0,,,,,,0.0,0.15215924426450742
E02000216,Croydon 023,,0.0,205.0,25.0,,,,,,0.0,0.15215924426450742
E02000214,Croydon 021,,0.0,205.0,25.0,,,,,,0.0,0.15215924426450742
E02000212,Croydon 019,,0.0,205.0,25.0,1.0,,1.0,,,0.0,0.10143949617633828
E02000211,Croydon 018,,0.0,205.0,25.0,,,,,,0.0,0.15215924426450742
E02000210,Croydon 017,,0.0,205.0,25.0,,,,,,0.0,0.15215924426450742
E02000209,Croydon 016,,0.0,205.0,25.0,,,,,,0.0,0.15215924426450742
E02000562,Islington 009,,0.0,370.0,10.0,,,,,,0.0,0.13562753036437247
E02000561,Islington 008,,0.0,370.0,10.0,1.0,1.0,,,,0.0,0.06781376518218624
E02000558,Islington 005,,0.0,370.0,10.0,,,,,,0.0,0.13562753036437247
E02000218,Croydon 025,,0.0,205.0,25.0,,,,,,0.0,0.15215924426450742
E02000235,Croydon 042,,0.0,205.0,25.0,,,,,,0.0,0.15215924426450742
E02000233,Croydon 040,,0.0,205.0,25.0,,,,,,0.0,0.15215924426450742
E02000232,Croydon 039,,0.0,205.0,25.0,,,,,,0.0,0.15215924426450742
E02000231,Croydon 038,,0.0,205.0,25.0,,,,,,0.0,0.15215924426450742
E02000229,Croydon 036,,0.0,205.0,25.0,,,,,,0.0,0.15215924426450742
E02000228,Croydon 035,,0.0,205.0,25.0,,,,,,0.0,0.15215924426450742
E02000227,Croydon 034,,0.0,205.0,25.0,,,,,,0.0,0.15215924426450742
E02000226,Croydon 033,,0.0,205.0,25.0,,,,,,0.0,0.15215924426450742
E02000498,Hillingdon 005,,0.0,165.0,20.0,,,,,,0.0,0.10818713450292397
E02000546,Hounslow 021,,0.0,150.0,20.0,,,,,,0.0,0.10211426000899684
E02000530,Hounslow 005,,0.0,150.0,20.0,,,,,,0.0,0.10211426000899684
E02000529,Hounslow 004,,0.0,150.0,20.0,,,,,,0.0,0.10211426000899684
E02000522,Hillingdon 029,,0.0,165.0,20.0,,,,,,0.0,0.10818713450292397
E02000521,Hillingdon 028,,0.0,165.0,20.0,,,,,,0.0,0.10818713450292397
E02000519,Hillingdon 026,,0.0,165.0,20.0,,,,,,0.0,0.10818713450292397
E02000518,Hillingdon 025,,0.0,165.0,20.0,,,,,,0.0,0.10818713450292397
E02000517,Hillingdon 024,,0.0,165.0,20.0,,,,,,0.0,0.10818713450292397
E02000516,Hillingdon 023,,0.0,165.0,20.0,,,,,,0.0,0.10818713450292397
E02000513,Hillingdon 020,,0.0,165.0,20.0,,,,,,0.0,0.10818713450292397
E02000497,Hillingdon 004,,0.0,165.0,20.0,,,,,,0.0,0.10818713450292397
